product_id,product_name,category,hot_score,opportunity_score,price,net_sales,units,cost,gross_profit,gross_margin
P00596,Wellness Essential 0596,Wellness,82.6,77.51,995,314374.01,336,183450.34,130923.67000000001,0.416458313459182
P00077,Wellness Essential 0077,Wellness,73.62,72.68,1232,300690.1,261,176686.75,124003.34999999998,0.41239585207494356
P00615,Skincare Essential 0615,Skincare,92.44,59.7,760,290144.58,406,175748.51,114396.07,0.394272641591306
P00589,Wellness Essential 0589,Wellness,88.28,77.83,866,265148.13,327,155793.09,109355.04000000001,0.412429987720449
P00359,Skincare Essential 0359,Skincare,88.81,60.66,635,255775.03,430,155468.7,100306.32999999999,0.3921662329587059
P00278,Makeup Essential 0278,Makeup,84.14,67.53,548,238636.43,467,133289.45,105346.97999999998,0.4414538886623471
P00728,Hair Care Essential 0728,Hair Care,93.61,91.11,437,217431.47,531,143890.7,73540.76999999999,0.33822505086315235
P00288,Wellness Essential 0288,Wellness,81.92,77.02,766,208074.37,290,122134.15,85940.22,0.41302645779968
P00352,Hair Care Essential 0352,Hair Care,70.3,74.37,950,187961.07,211,124072.37,63888.70000000001,0.33990389605677396
P00797,Fashion Accessories Essential 0797,Fashion Accessories,71.27,63.58,1039,185350.94,191,95012.04,90338.90000000001,0.4873938055021464
P00554,Wellness Essential 0554,Wellness,53.91,59.7,1662,181465.04,116,106540.14,74924.90000000001,0.41288889584462113
P00639,Wellness Essential 0639,Wellness,75.1,68.03,1101,172484.29,167,100795.63,71688.66,0.4156242867104013
P00266,Fashion Accessories Essential 0266,Fashion Accessories,58.51,53.71,1357,169809.61,134,86963.2,82846.40999999999,0.48787821843534057
P00534,Wellness Essential 0534,Wellness,66.32,64.32,1161,169219.16,157,100164.17,69054.99,0.40808020793862826
P00148,Fashion Accessories Essential 0148,Fashion Accessories,67.09,65.33,748,158354.34,226,81261.97,77092.37,0.48683458880887004
P00097,Wellness Essential 0097,Wellness,58.19,57.54,1477,158005.97,114,92317.92,65688.05,0.4157314435650754
P00532,Wellness Essential 0532,Wellness,52.93,55.4,1266,157205.81,133,92875.21,64330.59999999999,0.4092126111623991
P00744,Makeup Essential 0744,Makeup,76.6,67.86,582,153712.63,281,84796.95,68915.68000000001,0.44834103742808906
P00355,Wellness Essential 0355,Wellness,62.57,60.76,991,152044.71,164,89341.2,62703.509999999995,0.41240178629036156
P00421,Fashion Accessories Essential 0421,Fashion Accessories,63.91,58.74,1340,151243.8,120,77126.69,74117.10999999999,0.49005056736210006
P00196,Wellness Essential 0196,Wellness,64.82,60.94,1118,150980.1,144,89078.31,61901.79000000001,0.40999966220713857
P00440,Skincare Essential 0440,Skincare,61.98,44.83,606,150821.71,266,92035.79,58785.92,0.3897709421276287
P00095,Hair Care Essential 0095,Hair Care,66.24,70.81,998,150238.11,159,98555.77,51682.33999999998,0.34400286318830814
P00065,Wellness Essential 0065,Wellness,65.18,64.79,1093,148625.59,146,87914.41,60711.17999999999,0.4084840302400145
P00549,Wellness Essential 0549,Wellness,53.74,60.25,1280,143011.71,119,83786.88,59224.82999999999,0.4141257383748505
P00706,Fashion Accessories Essential 0706,Fashion Accessories,68.79,63.63,695,142423.11,219,73165.33,69257.77999999998,0.4862818962456303
P00296,Feminine Care Essential 0296,Feminine Care,82.12,85.39,409,141154.31,368,99340.56,41813.75,0.29622722820153347
P00773,Fashion Accessories Essential 0773,Fashion Accessories,74.63,67.58,762,138058.01,194,70986.79,67071.22000000002,0.48581911328433613
P00031,Skincare Essential 0031,Skincare,66.51,41.79,1030,136111.76,142,83243.67,52868.09000000001,0.38841676869067016
P00625,Skincare Essential 0625,Skincare,73.47,43.65,900,136010.3,161,82756.4,53253.899999999994,0.39154314048274286
P00724,Wellness Essential 0724,Wellness,65.71,65.41,716,135848.24,204,80364.48,55483.759999999995,0.4084245773077369
P00299,Skincare Essential 0299,Skincare,45.18,30.72,1318,133654.41,108,81224.2,52430.21000000001,0.3922819306897543
P00199,Fashion Accessories Essential 0199,Fashion Accessories,63.79,56.97,1121,129380.59,123,66134.47,63246.119999999995,0.48883777698030284
P00260,Skincare Essential 0260,Skincare,76.14,48.65,565,128800.04,243,78124.0,50676.03999999999,0.39344739333931883
P00006,Wellness Essential 0006,Wellness,54.62,53.8,1241,127730.8,110,75168.75,52562.05,0.41150646515953865
P00272,Skincare Essential 0272,Skincare,44.19,30.67,1589,127313.63,85,76728.03,50585.600000000006,0.39733059217618727
P00491,Wellness Essential 0491,Wellness,74.72,68.1,770,126002.52,174,73738.48,52264.04000000001,0.4147856725405175
P00096,Skincare Essential 0096,Skincare,77.92,52.18,572,125895.17,235,76356.38,49538.78999999999,0.3934923794137614
P00509,Fashion Accessories Essential 0509,Fashion Accessories,57.64,56.87,1056,125761.45,127,64439.02,61322.43,0.4876091202828848
P00428,Skincare Essential 0428,Skincare,77.24,51.27,553,124757.08,241,76054.88,48702.2,0.3903762415728229
P00775,Makeup Essential 0775,Makeup,75.13,59.97,577,124485.88,229,68577.27,55908.61,0.449116076457828
P00569,Skincare Essential 0569,Skincare,60.53,39.9,757,123574.05,174,74627.51,48946.54000000001,0.3960907650109388
P00339,Skincare Essential 0339,Skincare,67.62,42.01,663,123308.8,199,75472.98,47835.82000000001,0.3879351676441585
P00483,Skincare Essential 0483,Skincare,83.07,60.55,395,123009.4,333,75196.16,47813.23999999999,0.3886958232460283
P00470,Hair Care Essential 0470,Hair Care,60.91,71.35,792,122664.69,166,81838.86,40825.83,0.33282462948383923
P00111,Skincare Essential 0111,Skincare,86.28,53.76,604,122567.70999999999,219,75440.19,47127.51999999999,0.3845019214277561
P00108,Fashion Accessories Essential 0108,Fashion Accessories,79.19,80.05,396,122445.98,332,63199.33,59246.649999999994,0.48385949461141964
P00488,Fashion Accessories Essential 0488,Fashion Accessories,73.78,66.36,689,121445.79000000001,188,62266.02,59179.77000000001,0.4872937135161294
P00604,Makeup Essential 0604,Makeup,78.19,52.12,411,118345.84,308,65936.41,52409.42999999999,0.44284978669296693
P00709,Wellness Essential 0709,Wellness,75.27,67.93,623,118012.59,203,69052.27,48960.31999999999,0.4148737011873055
P00764,Hair Care Essential 0764,Hair Care,82.36,82.44,332,114046.09,366,75400.52,38645.56999999999,0.3388592278788338
P00504,Fashion Accessories Essential 0504,Fashion Accessories,66.71,60.21,941,111562.8,127,57163.08,54399.72,0.4876152265809033
P00185,Skincare Essential 0185,Skincare,64.8,41.75,713,109870.54,164,66761.55,43108.98999999999,0.39236168312270053
P00533,Skincare Essential 0533,Skincare,60.59,36.9,961,108519.98,121,66342.98,42177.0,0.38865654048222276
P00295,Makeup Essential 0295,Makeup,78.31,52.96,430,108170.79,269,60217.78,47953.009999999995,0.44330830901761925
P00232,Fashion Accessories Essential 0232,Fashion Accessories,54.36,54.53,1033,107882.46,112,55707.67,52174.79000000001,0.48362625398048953
P00402,Skincare Essential 0402,Skincare,65.45,43.64,603,106940.0,189,65125.45,41814.55,0.3910094445483449
P00315,Fashion Accessories Essential 0315,Fashion Accessories,76.58,77.59,476,106646.38,241,55178.01,51468.37,0.48260775471234935
P00577,Skincare Essential 0577,Skincare,66.84,46.45,601,106009.83,189,64678.13,41331.700000000004,0.38988554174645884
P00644,Wellness Essential 0644,Wellness,52.88,55.24,1144,105981.73,99,62014.58,43967.149999999994,0.4148559379055239
P00688,Wellness Essential 0688,Wellness,49.05,52.23,1486,105874.22,77,62936.409999999996,42937.810000000005,0.40555491223453644
P00489,Hair Care Essential 0489,Hair Care,64.6,69.1,633,104841.16,177,69298.61,35542.55,0.3390133226301579
P00014,Fashion Accessories Essential 0014,Fashion Accessories,72.62,75.1,485,104738.56,232,54089.95,50648.61,0.4835717619184377
P00693,Feminine Care Essential 0693,Feminine Care,80.03,83.67,429,103742.68,259,73390.03,30352.649999999994,0.2925763051426857
P00409,Wellness Essential 0409,Wellness,50.24,53.76,1321,101682.36,83,60622.16,41060.2,0.4038084875292037
P00496,Makeup Essential 0496,Makeup,69.56,55.08,612,100196.46,175,55632.42,44564.04000000001,0.4447666115150177
P00119,Fashion Accessories Essential 0119,Fashion Accessories,65.91,59.9,615,99995.29,174,51398.48,48596.80999999999,0.4859909901756372
P00140,Fashion Accessories Essential 0140,Fashion Accessories,48.22,48.79,1336,99622.18,79,50955.05,48667.12999999999,0.4885170149860201
P00501,Hair Care Essential 0501,Hair Care,62.65,69.09,818,99232.71,129,65199.04,34033.670000000006,0.3429682611711401
P00165,Fashion Accessories Essential 0165,Fashion Accessories,52.2,53.78,790,99155.14,134,50815.26,48339.88,0.4875176415463686
P00539,Wellness Essential 0539,Wellness,73.21,70.86,617,98886.63,172,58489.04,40397.590000000004,0.40852428685253
P00280,Fashion Accessories Essential 0280,Fashion Accessories,63.0,62.11,713,96757.48,145,49404.36,47353.119999999995,0.48940009599257855
P00747,Hair Care Essential 0747,Hair Care,56.77,64.56,1000,96714.62,104,64391.38,32323.239999999998,0.3342125523524778
P00609,Wellness Essential 0609,Wellness,58.67,63.06,775,95756.88,133,56584.2,39172.68000000001,0.40908475714747605
P00436,Skincare Essential 0436,Skincare,70.25,47.82,597,94882.69,169,57610.03,37272.66,0.3928288711038863
P00367,Skincare Essential 0367,Skincare,79.1,54.72,458,93916.11,220,57688.76,36227.35,0.3857415942802571
P00571,Wellness Essential 0571,Wellness,80.65,71.56,530,93914.38,189,55076.31,38838.07000000001,0.41354763775259984
P00581,Fashion Accessories Essential 0581,Fashion Accessories,50.85,48.28,1108,93752.3,91,48202.14,45550.16,0.4858564536550037
P00716,Wellness Essential 0716,Wellness,63.7,64.5,773,93076.31,130,55309.85,37766.46,0.4057580280094903
P00595,Fashion Accessories Essential 0595,Fashion Accessories,61.77,57.5,1144,92439.25,87,47639.49,44799.76,0.4846400203376813
P00053,Fashion Accessories Essential 0053,Fashion Accessories,62.66,58.87,832,92392.57,118,46973.93,45418.64000000001,0.49158325177013695
P00643,Feminine Care Essential 0643,Feminine Care,81.37,85.67,313,91690.41,312,64402.090000000004,27288.32,0.2976136762830486
P00652,Skincare Essential 0652,Skincare,59.24,35.63,719,90808.87,134,54935.17,35873.7,0.3950462107941658
P00145,Makeup Essential 0145,Makeup,57.58,45.11,464,90424.73,207,50076.47,40348.259999999995,0.44620824413852267
P00788,Skincare Essential 0788,Skincare,66.0,44.24,557,89654.99,171,54126.62,35528.37,0.39627877935182415
P00235,Skincare Essential 0235,Skincare,54.17,33.51,774,89097.89,123,54205.22,34892.67,0.39162173200734607
P00673,Skincare Essential 0673,Skincare,56.8,40.8,663,88348.28,143,54250.72,34097.56,0.38594480843316925
P00495,Wellness Essential 0495,Wellness,70.65,75.9,443,88285.67,213,52050.13,36235.54,0.4104351249755481
P00223,Fashion Accessories Essential 0223,Fashion Accessories,49.43,54.38,583,87126.23,159,44348.64,42777.59,0.49098405841731013
P00193,Skincare Essential 0193,Skincare,75.04,46.51,595,86496.16,155,52635.86,33860.3,0.39146593328536206
P00701,Makeup Essential 0701,Makeup,66.04,51.44,637,86286.86,145,48097.35,38189.51,0.4425877821953424
P00403,Wellness Essential 0403,Wellness,80.21,81.96,371,85538.94,247,50643.02,34895.920000000006,0.40795361738174457
P00704,Skincare Essential 0704,Skincare,65.11,41.48,706,85158.81,129,51843.15,33315.659999999996,0.39121800786084254
P00482,Makeup Essential 0482,Makeup,51.12,47.36,688,84297.51,130,46545.53,37751.979999999996,0.44784217232513746
P00279,Fashion Accessories Essential 0279,Fashion Accessories,60.19,57.39,797,84235.3,112,43172.32,41062.98,0.48747947713132145
P00583,Wellness Essential 0583,Wellness,73.98,80.06,409,83924.34,218,49137.89,34786.45,0.4144977488056504
P00546,Skincare Essential 0546,Skincare,67.21,44.07,580,83908.83,154,51116.03,32792.8,0.3908146496620201
P00311,Hair Care Essential 0311,Hair Care,68.74,71.44,524,83000.86,168,54440.08,28560.78,0.3441022177360572
P00468,Makeup Essential 0468,Makeup,57.48,49.16,572,82753.4,154,45768.5,36984.899999999994,0.4469290687754219
P00619,Fashion Accessories Essential 0619,Fashion Accessories,67.12,57.76,821,82740.88,108,42304.75,40436.130000000005,0.4887080002049773
P00139,Hair Care Essential 0139,Hair Care,68.78,73.93,378,82710.56999999999,234,54844.04,27866.52999999999,0.3369161885838774
P00422,Makeup Essential 0422,Makeup,69.76,53.49,562,82530.72,157,46026.6,36504.12,0.4423094818511216
P00310,Wellness Essential 0310,Wellness,83.79,90.21,297,82335.5,294,48084.07,34251.43,0.41599832393074676
P00154,Feminine Care Essential 0154,Feminine Care,86.16,82.11,250,82147.14,350,57940.91,24206.229999999996,0.2946691753358668
P00722,Wellness Essential 0722,Wellness,73.15,82.97,365,82112.61,240,48233.91,33878.7,0.4125882735915957
P00045,Wellness Essential 0045,Wellness,55.86,60.59,549,82089.33,159,47937.3,34152.03,0.4160349463200637
P00393,Fashion Accessories Essential 0393,Fashion Accessories,55.23,50.52,770,81256.56,112,41395.22,39861.34,0.49056150051146635
P00189,Skincare Essential 0189,Skincare,57.64,36.5,714,81199.24,121,49277.83,31921.410000000003,0.3931244922982038
P00187,Wellness Essential 0187,Wellness,67.21,78.76,401,81148.53,216,47569.65,33578.88,0.4137952961070274
P00172,Fashion Accessories Essential 0172,Fashion Accessories,68.3,70.86,419,80570.31,206,41379.65,39190.659999999996,0.4864156536073896
P00207,Fashion Accessories Essential 0207,Fashion Accessories,50.34,54.5,757,78945.82,112,40672.33,38273.490000000005,0.48480704868224817
P00425,Fashion Accessories Essential 0425,Fashion Accessories,61.69,59.2,623,78640.12,135,40322.4,38317.719999999994,0.4872540886255005
P00500,Wellness Essential 0500,Wellness,71.78,73.91,435,78554.89,194,46371.43,32183.46,0.40969390957074725
P00297,Skincare Essential 0297,Skincare,54.37,36.09,622,78478.23,135,47772.47,30705.759999999995,0.3912646857606243
P00556,Fashion Accessories Essential 0556,Fashion Accessories,53.2,57.63,590,78300.51,142,40185.85,38114.659999999996,0.48677409636284613
P00347,Fashion Accessories Essential 0347,Fashion Accessories,54.53,49.18,893,77153.11,92,39246.56,37906.55,0.49131590418066107
P00360,Wellness Essential 0360,Wellness,57.63,64.8,546,77137.91,151,45329.090000000004,31808.82,0.41236300024203404
P00085,Fashion Accessories Essential 0085,Fashion Accessories,68.58,65.13,527,76630.24,156,39400.03,37230.21000000001,0.4858422732331258
P00237,Hair Care Essential 0237,Hair Care,72.51,74.64,412,76167.87,197,50273.25,25894.619999999995,0.33996775805861446
P00047,Fashion Accessories Essential 0047,Fashion Accessories,69.43,69.13,498,75475.43,161,38512.75,36962.67999999999,0.4897312940118393
P00573,Wellness Essential 0573,Wellness,65.84,67.25,515,75301.48,156,44275.1,31026.379999999997,0.4120288206818777
P00371,Wellness Essential 0371,Wellness,77.52,79.19,396,74455.95,200,43532.04,30923.909999999996,0.41533161553912074
P00656,Makeup Essential 0656,Makeup,79.19,52.02,333,73781.31,235,40577.35,33203.96,0.45003212873287285
P00414,Fashion Accessories Essential 0414,Fashion Accessories,64.22,57.3,629,73550.52,124,37521.4,36029.12,0.48985540822824913
P00092,Wellness Essential 0092,Wellness,61.9,64.47,642,73015.61,122,43092.2,29923.410000000003,0.4098220914678382
P00761,Wellness Essential 0761,Wellness,22.18,34.77,1993,72905.67,39,42932.29,29973.379999999997,0.4111254995667689
P00521,Skincare Essential 0521,Skincare,53.5,34.43,700,72856.77,111,44370.44,28486.33,0.3909908440903982
P00141,Skincare Essential 0141,Skincare,56.87,34.79,628,72814.22,123,43847.84,28966.380000000005,0.3978121306525017
P00580,Skincare Essential 0580,Skincare,38.24,26.95,993,72618.05,78,43916.69,28701.36,0.39523727227596994
P00313,Makeup Essential 0313,Makeup,67.94,48.47,323,72389.16,240,40305.58,32083.58,0.44320972919149776
P00545,Skincare Essential 0545,Skincare,65.1,42.21,503,72274.17,155,44602.64,27671.53,0.3828688727936965
P00621,Skincare Essential 0621,Skincare,61.63,49.08,435,71972.65,176,43629.94,28342.709999999992,0.3937983386744825
P00331,Makeup Essential 0331,Makeup,79.87,61.39,245,71885.8,312,39852.08,32033.72,0.44561957994485696
P00395,Makeup Essential 0395,Makeup,61.51,47.0,556,71831.85,139,40242.54,31589.310000000005,0.43976745691500363
P00659,Feminine Care Essential 0659,Feminine Care,72.02,76.65,459,71766.06,167,50671.47,21094.589999999997,0.2939354619718568
P00734,Hair Care Essential 0734,Hair Care,56.88,63.55,848,71657.53,90,47257.05,24400.479999999996,0.3405152256852838
P00116,Skincare Essential 0116,Skincare,80.17,55.09,390,71652.73,197,43882.47,27770.259999999995,0.38756736833334887
P00216,Feminine Care Essential 0216,Feminine Care,66.35,74.09,510,71526.17,149,50150.03,21376.14,0.2988576069430252
P00663,Feminine Care Essential 0663,Feminine Care,66.98,74.21,583,71491.83,131,50342.98,21148.85,0.2958219141963494
P00337,Makeup Essential 0337,Makeup,54.37,44.87,740,71338.26,104,39905.83,31432.429999999993,0.4406111110643853
P00768,Hair Care Essential 0768,Hair Care,80.53,78.66,341,71306.96,223,47313.89,23993.070000000007,0.33647585032372723
P00570,Skincare Essential 0570,Skincare,66.08,48.67,442,71255.24,173,43811.7,27443.540000000008,0.38514416623956366
P00231,Fashion Accessories Essential 0231,Fashion Accessories,48.0,51.12,647,70828.48,118,36612.62,34215.85999999999,0.48308053483570446
P00159,Wellness Essential 0159,Wellness,75.51,85.86,245,70608.96,307,41282.68,29326.280000000006,0.41533369136154963
P00107,Skincare Essential 0107,Skincare,46.26,25.48,1173,70331.4,64,42619.72,27711.679999999993,0.3940157596749104
P00413,Hair Care Essential 0413,Hair Care,72.73,73.33,430,69786.02,173,46246.29,23539.730000000003,0.33731297471900534
P00177,Feminine Care Essential 0177,Feminine Care,76.35,77.66,386,68646.24,190,48495.43,20150.810000000005,0.29354572078528995
P00749,Makeup Essential 0749,Makeup,78.28,52.24,360,68568.37,204,38397.02,30171.35,0.44001848082432177
P00225,Skincare Essential 0225,Skincare,62.1,36.83,515,68188.75,141,41499.74,26689.010000000002,0.39139902109952157
P00114,Hair Care Essential 0114,Hair Care,59.43,70.04,562,67968.2,129,44965.53,23002.67,0.3384328259391892
P00588,Wellness Essential 0588,Wellness,37.87,43.88,1265,67605.29,57,39873.37,27731.91999999999,0.4102034027218875
P00319,Fashion Accessories Essential 0319,Fashion Accessories,59.32,55.99,579,67401.75,125,34742.47,32659.28,0.4845464694907773
P00220,Fashion Accessories Essential 0220,Fashion Accessories,55.92,54.5,754,67366.15,95,34310.1,33056.049999999996,0.4906922838844137
P00432,Wellness Essential 0432,Wellness,27.92,42.64,1162,67306.64,62,39731.77,27574.870000000003,0.40969018807059754
P00637,Hair Care Essential 0637,Hair Care,48.01,59.1,891,67247.25,80,44159.3,23087.949999999997,0.34332928112301986
P00228,Hair Care Essential 0228,Hair Care,53.14,63.52,612,67077.38,117,44345.7,22731.680000000008,0.338887416294435
P00084,Fashion Accessories Essential 0084,Fashion Accessories,49.66,51.16,904,66265.5,79,34306.6,31958.9,0.4822856539224785
P00516,Makeup Essential 0516,Makeup,59.45,47.25,534,65978.95,133,36941.97,29036.979999999996,0.44009460593113403
P00236,Makeup Essential 0236,Makeup,65.41,48.11,520,65284.26,134,36280.27,29003.990000000005,0.44427232536602246
P00221,Skincare Essential 0221,Skincare,56.48,35.54,786,65053.29,89,39925.26,25128.03,0.3862683962640475
P00566,Hair Care Essential 0566,Hair Care,77.19,82.84,223,65025.0,312,43104.43,21920.57,0.3371098808150711
P00103,Makeup Essential 0103,Makeup,75.58,52.88,332,64741.81,207,35775.23,28966.579999999994,0.4474169010721201
P00799,Skincare Essential 0799,Skincare,72.01,61.78,296,64564.41,232,39089.17,25475.240000000005,0.3945709408635501
P00690,Wellness Essential 0690,Wellness,57.38,55.09,815,64508.020000000004,84,37521.64,26986.380000000005,0.4183414713395327
P00249,Feminine Care Essential 0249,Feminine Care,67.34,74.35,390,64377.81,175,44844.24,19533.57,0.3034208526198701
P00671,Fashion Accessories Essential 0671,Fashion Accessories,41.39,41.03,754,64211.7,90,32686.94,31524.76,0.4909504031196807
P00681,Hair Care Essential 0681,Hair Care,63.1,66.72,432,64174.25,159,42592.61,21581.64,0.33629750250295093
P00654,Fashion Accessories Essential 0654,Fashion Accessories,49.03,52.48,601,64116.74,113,32579.1,31537.64,0.4918784080413321
P00786,Feminine Care Essential 0786,Feminine Care,73.14,73.5,288,63633.61,236,44845.72,18787.89,0.29525104736317803
P00275,Wellness Essential 0275,Wellness,42.11,43.42,1287,63611.32,53,37588.51,26022.809999999998,0.40909086621689345
P00101,Fashion Accessories Essential 0101,Fashion Accessories,45.84,48.71,796,63068.81,84,32223.68,30845.129999999997,0.4890710638110977
P00779,Makeup Essential 0779,Makeup,67.19,48.87,331,62756.51,203,35026.11,27730.4,0.4418728829885537
P00086,Skincare Essential 0086,Skincare,47.63,33.11,541,62638.19,123,37875.91,24762.28,0.3953224063466712
P00498,Skincare Essential 0498,Skincare,66.72,45.63,445,62452.4,150,38060.77,24391.630000000005,0.3905635331868752
P00463,Wellness Essential 0463,Wellness,61.84,57.09,677,61733.340000000004,98,36600.8,25132.54,0.4071145348688407
P00149,Skincare Essential 0149,Skincare,37.19,27.15,1078,61643.83,61,37529.87,24113.96,0.3911820534188093
P00397,Skincare Essential 0397,Skincare,33.46,27.47,826,61630.18,80,37868.45,23761.730000000003,0.38555347396356787
P00290,Skincare Essential 0290,Skincare,70.85,48.73,453,61402.94,145,37642.86,23760.08,0.38695345858032204
P00043,Skincare Essential 0043,Skincare,48.53,30.25,874,61199.17,75,37183.1,24016.07,0.3924247665450365
P00634,Skincare Essential 0634,Skincare,57.38,35.75,514,60867.42,126,36967.07,23900.35,0.39266244568933595
P00796,Skincare Essential 0796,Skincare,69.68,49.33,342,60736.87,189,36689.39,24047.480000000003,0.39592886495468077
P00434,Makeup Essential 0434,Makeup,46.43,40.92,656,60637.71,98,33393.27,27244.440000000002,0.44929862951618726
P00526,Skincare Essential 0526,Skincare,68.51,47.53,461,60150.92,139,36538.55,23612.369999999995,0.39255210061624984
P00430,Fashion Accessories Essential 0430,Fashion Accessories,47.13,48.2,651,59290.25,97,30451.34,28838.91,0.4864022330821678
P00064,Fashion Accessories Essential 0064,Fashion Accessories,51.86,53.48,759,58857.87,83,30121.82,28736.050000000003,0.4882278274765975
P00102,Feminine Care Essential 0102,Feminine Care,79.04,70.29,290,58830.81,216,41386.95,17443.86,0.2965089210908366
P00603,Wellness Essential 0603,Wellness,57.4,58.49,717,58625.96,87,34201.69,24424.269999999997,0.4166118559082017
P00262,Hair Care Essential 0262,Hair Care,54.83,68.02,536,58262.76,116,38495.69,19767.07,0.3392745211521047
P00459,Fashion Accessories Essential 0459,Fashion Accessories,53.03,50.69,861,58134.03,72,29657.5,28476.53,0.48984269626585325
P00506,Makeup Essential 0506,Makeup,56.29,46.33,619,58075.08,99,31889.61,26185.47,0.45088995142150473
P00060,Skincare Essential 0060,Skincare,73.99,57.65,240,58029.17,258,35223.69,22805.479999999996,0.3930002789976144
P00132,Makeup Essential 0132,Makeup,59.76,48.0,522,57994.9,119,32436.86,25558.04,0.4406946128021602
P00127,Skincare Essential 0127,Skincare,49.03,28.16,589,57787.33,105,35156.09,22631.240000000005,0.39162979151312244
P00494,Makeup Essential 0494,Makeup,73.89,48.56,362,57725.84,169,31785.77,25940.069999999996,0.44936669609311874
P00537,Fashion Accessories Essential 0537,Fashion Accessories,57.79,56.31,529,57681.63,117,29668.96,28012.67,0.4856428294415397
P00514,Fashion Accessories Essential 0514,Fashion Accessories,53.31,62.92,455,57294.67,135,29451.04,27843.629999999997,0.48597242989618405
P00593,Makeup Essential 0593,Makeup,62.35,47.25,571,57277.22,107,31803.69,25473.530000000002,0.44474103317165187
P00576,Wellness Essential 0576,Wellness,61.31,73.05,370,57180.87,164,33340.76,23840.11,0.41692457634869845
P00201,Skincare Essential 0201,Skincare,57.27,30.84,621,57093.85,99,35180.37,21913.479999999996,0.38381506939889315
P00725,Makeup Essential 0725,Makeup,51.76,45.96,644,56882.23,94,31238.76,25643.470000000005,0.4508168895628741
P00392,Hair Care Essential 0392,Hair Care,66.38,69.45,581,56496.55,103,37119.22,19377.33,0.342982536101762
P00066,Makeup Essential 0066,Makeup,68.3,45.15,474,55987.93,127,31342.16,24645.77,0.44019791408612535
P00233,Wellness Essential 0233,Wellness,55.57,58.53,513,55546.6,116,32693.78,22852.82,0.4114170804333659
P00268,Skincare Essential 0268,Skincare,55.65,31.51,744,55377.74,80,33729.37,21648.369999999995,0.39092187582953
P00710,Wellness Essential 0710,Wellness,59.07,56.31,608,55317.02,96,32145.38,23171.639999999996,0.4188880745925937
P00304,Makeup Essential 0304,Makeup,63.08,43.85,386,55310.18,155,31192.04,24118.14,0.43605245905907375
P00565,Fashion Accessories Essential 0565,Fashion Accessories,40.53,41.27,1111,55230.020000000004,53,28161.22,27068.800000000003,0.4901102697409851
P00714,Skincare Essential 0714,Skincare,53.67,34.21,596,55103.39,98,33076.47,22026.92,0.3997380197479683
P00358,Skincare Essential 0358,Skincare,54.73,37.54,474,54954.62,124,33504.21,21450.410000000003,0.3903295118772544
P00386,Fashion Accessories Essential 0386,Fashion Accessories,41.35,37.81,1456,54854.45,40,27931.74,26922.709999999995,0.4908026604951831
P00505,Wellness Essential 0505,Wellness,59.72,59.12,585,54183.549999999996,99,31818.21,22365.339999999997,0.412769927404166
P00424,Skincare Essential 0424,Skincare,64.47,47.01,334,54072.02,173,32990.9,21081.119999999995,0.3898711385296868
P00017,Makeup Essential 0017,Makeup,61.81,46.7,364,53917.74,158,29860.24,24057.499999999996,0.44618895376549533
P00384,Makeup Essential 0384,Makeup,67.9,41.71,425,53647.76,134,29549.79,24097.97,0.4491887452523647
P00733,Makeup Essential 0733,Makeup,50.6,44.67,516,53441.24,110,29570.5,23870.739999999998,0.44667264457186995
P00042,Hair Care Essential 0042,Hair Care,63.95,70.08,418,53290.159999999996,136,35217.28,18072.879999999997,0.33914103466756335
P00174,Fashion Accessories Essential 0174,Fashion Accessories,58.2,51.08,762,52928.01,75,27471.13,25456.88,0.4809717954633095
P00186,Skincare Essential 0186,Skincare,50.48,27.8,678,52852.54,83,32162.64,20689.9,0.39146462970370016
P00608,Fashion Accessories Essential 0608,Fashion Accessories,63.72,64.44,445,52713.86,126,26953.41,25760.45,0.48868456986454795
P00074,Hair Care Essential 0074,Hair Care,70.63,70.39,519,52419.29,109,35056.43,17362.86,0.33123035432185366
P00658,Makeup Essential 0658,Makeup,48.16,45.06,515,52079.83,108,28886.88,23192.95,0.44533459498619715
P00071,Skincare Essential 0071,Skincare,53.78,34.74,455,51951.24,121,31397.16,20554.079999999998,0.3956417594652216
P00757,Wellness Essential 0757,Wellness,58.55,59.49,635,51880.47,86,29887.56,21992.91,0.42391501079307875
P00230,Feminine Care Essential 0230,Feminine Care,53.76,64.93,398,51528.8,138,36242.23,15286.57,0.2966607023645029
P00009,Wellness Essential 0009,Wellness,54.47,53.32,600,51476.91,92,30346.43,21130.480000000003,0.410484623105777
P00679,Skincare Essential 0679,Skincare,66.67,47.17,317,51471.28,174,31458.86,20012.42,0.3888075058556927
P00635,Wellness Essential 0635,Wellness,45.32,50.64,903,51447.03,61,30304.52,21142.51,0.41095686184411423
P00661,Fashion Accessories Essential 0661,Fashion Accessories,30.89,40.33,857,51360.42,64,26539.6,24820.82,0.4832674654919099
P00267,Makeup Essential 0267,Makeup,46.31,37.98,638,51333.79,86,28516.39,22817.4,0.4444908509580142
P00125,Skincare Essential 0125,Skincare,64.47,42.6,406,51251.56,135,31169.86,20081.699999999997,0.39182612197560424
P00404,Skincare Essential 0404,Skincare,59.36,42.9,352,51245.3,155,31217.829999999998,20027.470000000005,0.39081574310229433
P00134,Skincare Essential 0134,Skincare,59.81,40.7,415,51022.64,131,30920.5,20102.14,0.3939847095328662
P00740,Hair Care Essential 0740,Hair Care,50.9,56.99,540,51020.89,101,33664.28,17356.61,0.34018634328017405
P00382,Makeup Essential 0382,Makeup,71.32,48.46,342,50597.85,159,28165.06,22432.789999999997,0.4433546089408937
P00530,Fashion Accessories Essential 0530,Fashion Accessories,56.82,68.12,435,50539.91,123,25653.31,24886.600000000002,0.4924148064371306
P00190,Hair Care Essential 0190,Hair Care,64.1,77.99,272,50407.0,199,33482.06,16924.940000000002,0.33576566746682013
P00073,Wellness Essential 0073,Wellness,33.55,45.47,813,50055.23,66,29440.69,20614.540000000005,0.41183588608023586
P00499,Makeup Essential 0499,Makeup,70.89,52.74,290,49870.54,184,27725.84,22144.7,0.4440437179946317
P00204,Makeup Essential 0204,Makeup,54.28,45.03,580,49626.15,92,27799.2,21826.95,0.4398275908971379
P00742,Wellness Essential 0742,Wellness,44.96,49.99,619,49453.44,85,28961.27,20492.170000000002,0.4143729940728087
P00094,Hair Care Essential 0094,Hair Care,39.89,52.04,727,49026.34,73,32676.44,16349.899999999998,0.33349215952078004
P00083,Skincare Essential 0083,Skincare,55.75,32.04,532,48854.86,97,29298.59,19556.27,0.40029323592371363
P00130,Skincare Essential 0130,Skincare,55.97,43.03,424,48287.56,122,29561.57,18725.989999999998,0.3878015372903497
P00697,Feminine Care Essential 0697,Feminine Care,57.05,65.82,519,48266.44,99,33892.29,14374.150000000001,0.2978083736857328
P00040,Fashion Accessories Essential 0040,Fashion Accessories,59.09,61.89,447,48199.8,115,24674.62,23525.180000000004,0.4880762990717804
P00330,Fashion Accessories Essential 0330,Fashion Accessories,50.78,51.5,530,48132.2,97,24642.81,23489.389999999996,0.4880182081849572
P00695,Fashion Accessories Essential 0695,Fashion Accessories,51.03,57.28,494,47774.04,104,24490.39,23283.65,0.48737033753059195
P00062,Hair Care Essential 0062,Hair Care,58.47,61.13,392,47757.44,131,31829.23,15928.210000000003,0.33352311179158683
P00368,Fashion Accessories Essential 0368,Fashion Accessories,64.83,59.07,554,47662.909999999996,92,24438.49,23224.419999999995,0.4872639962604045
P00004,Fashion Accessories Essential 0004,Fashion Accessories,40.62,40.6,1333,47589.87,38,24221.75,23368.120000000003,0.4910313896633885
P00478,Fashion Accessories Essential 0478,Fashion Accessories,35.84,40.92,854,47527.0,60,24520.37,23006.63,0.4840749468723042
P00061,Hair Care Essential 0061,Hair Care,56.02,63.42,631,47519.37,81,31549.33,15970.04,0.33607432085063416
P00792,Makeup Essential 0792,Makeup,67.52,48.32,275,47372.26,183,26131.11,21241.15,0.44838793842641245
P00795,Feminine Care Essential 0795,Feminine Care,59.69,66.52,417,47309.15,120,32977.74,14331.410000000003,0.3029310397671487
P00555,Makeup Essential 0555,Makeup,66.46,44.0,435,47243.13,116,26354.54,20888.589999999997,0.4421508481762321
P00252,Wellness Essential 0252,Wellness,41.68,48.33,633,47131.0,80,27902.6,19228.4,0.40797776410430503
P00020,Feminine Care Essential 0020,Feminine Care,54.44,66.23,340,47127.63,148,33143.48,13984.149999999994,0.2967293284215649
P00598,Fashion Accessories Essential 0598,Fashion Accessories,41.98,43.97,732,47051.98,68,23816.83,23235.15,0.49381875109187756
P00649,Wellness Essential 0649,Wellness,53.69,53.43,563,46869.18,89,27510.9,19358.28,0.41302792154673923
P00684,Makeup Essential 0684,Makeup,67.16,43.64,390,46816.5,127,25537.95,21278.55,0.45450962801576367
P00785,Skincare Essential 0785,Skincare,42.14,28.85,505,46694.83,98,28140.420000000002,18554.41,0.39735469644069804
P00209,Hair Care Essential 0209,Hair Care,55.31,61.27,430,46551.42,116,31049.12,15502.3,0.33301454606540465
P00240,Hair Care Essential 0240,Hair Care,64.67,65.27,356,45827.7,137,30151.16,15676.539999999997,0.34207564420645153
P00090,Skincare Essential 0090,Skincare,40.41,22.4,900,45499.08,54,27538.12,17960.960000000003,0.3947543554726821
P00666,Wellness Essential 0666,Wellness,59.79,66.27,446,45483.13,108,26357.05,19126.079999999998,0.4205093185099618
P00147,Fashion Accessories Essential 0147,Fashion Accessories,58.79,54.35,509,45453.97,95,23279.62,22174.350000000002,0.48784187607815116
P00345,Makeup Essential 0345,Makeup,70.87,48.63,301,45380.78,161,25155.56,20225.219999999998,0.44567810425470866
P00227,Makeup Essential 0227,Makeup,56.99,37.31,497,45319.36,99,25426.57,19892.79,0.4389468430269095
P00575,Skincare Essential 0575,Skincare,45.46,26.8,609,45270.39,80,27753.13,17517.26,0.3869474064614862
P00612,Fashion Accessories Essential 0612,Fashion Accessories,55.37,52.73,613,45192.94,80,23471.08,21721.86,0.4806471984340917
P00450,Makeup Essential 0450,Makeup,57.92,37.26,451,45187.48,107,25094.22,20093.260000000002,0.4446643185236265
P00213,Wellness Essential 0213,Wellness,55.09,68.37,481,44939.45,100,26454.31,18485.139999999996,0.41133436212503705
P00787,Fashion Accessories Essential 0787,Fashion Accessories,48.38,46.88,700,44845.45,68,22914.59,21930.859999999997,0.4890319976720046
P00449,Fashion Accessories Essential 0449,Fashion Accessories,55.77,54.26,623,44829.52,77,23169.61,21659.909999999996,0.4831617648370984
P00541,Wellness Essential 0541,Wellness,42.34,47.7,637,44788.39,75,26202.0,18586.39,0.4149823201950327
P00059,Skincare Essential 0059,Skincare,63.17,51.63,286,44756.14,167,27242.86,17513.28,0.3913045226867196
P00777,Makeup Essential 0777,Makeup,44.29,35.22,831,44507.5,57,24615.23,19892.27,0.44694197607144864
P00408,Wellness Essential 0408,Wellness,40.93,47.89,944,44465.03,51,26521.14,17943.89,0.40355061044600665
P00169,Makeup Essential 0169,Makeup,43.65,37.07,602,44462.19,79,24796.079999999998,19666.110000000004,0.44231087132685104
P00418,Hair Care Essential 0418,Hair Care,67.41,74.76,281,44461.76,168,29238.16,15223.600000000002,0.342397601894302
P00012,Makeup Essential 0012,Makeup,70.1,44.1,326,44221.68,145,24665.75,19555.93,0.44222494486867076
P00211,Wellness Essential 0211,Wellness,44.47,46.87,866,44172.090000000004,54,25784.38,18387.710000000003,0.4162743940800628
P00005,Fashion Accessories Essential 0005,Fashion Accessories,48.81,56.14,482,44143.49,97,22530.72,21612.769999999997,0.489602657152844
P00447,Skincare Essential 0447,Skincare,44.17,27.94,569,44105.57,84,27090.2,17015.37,0.38578732799508086
P00647,Skincare Essential 0647,Skincare,52.55,28.87,665,43933.13,70,26479.94,17453.19,0.3972671648935553
P00667,Hair Care Essential 0667,Hair Care,52.4,59.97,693,43798.21,68,29047.83,14750.379999999997,0.3367804300678041
P00389,Skincare Essential 0389,Skincare,63.49,44.14,387,43773.32,122,27082.3,16691.02,0.3813057816953341
P00019,Skincare Essential 0019,Skincare,34.9,18.28,963,43726.5,48,26292.49,17434.01,0.39870581912570174
P00301,Hair Care Essential 0301,Hair Care,64.67,66.09,459,43605.31,102,28968.94,14636.369999999999,0.3356556804664386
P00456,Feminine Care Essential 0456,Feminine Care,43.46,58.86,517,43449.81,90,30571.36,12878.449999999997,0.296398304158292
P00653,Hair Care Essential 0653,Hair Care,62.98,65.91,568,43392.04,82,29003.76,14388.280000000002,0.33158800554203033
P00540,Feminine Care Essential 0540,Feminine Care,64.27,63.61,266,43195.27,175,30815.12,12380.149999999998,0.28660892732005144
P00399,Skincare Essential 0399,Skincare,62.19,41.72,347,42835.68,132,26100.55,16735.13,0.39068202022239407
P00462,Wellness Essential 0462,Wellness,63.41,75.09,248,42706.13,185,25247.86,17458.269999999997,0.4088000949746558
P00380,Makeup Essential 0380,Makeup,63.34,39.43,476,42649.97,95,23578.43,19071.54,0.44716420668056744
P00448,Hair Care Essential 0448,Hair Care,67.83,76.27,253,42225.89,177,27815.97,14409.919999999998,0.3412579344094345
P00455,Makeup Essential 0455,Makeup,68.82,45.81,378,42183.86,119,23362.26,18821.600000000002,0.44618012671197
P00642,Fashion Accessories Essential 0642,Fashion Accessories,63.96,67.64,321,42029.93,141,21665.64,20364.29,0.48451877031439267
P00711,Feminine Care Essential 0711,Feminine Care,49.32,66.56,574,41842.58,78,29633.61,12208.970000000001,0.2917833938538207
P00431,Hair Care Essential 0431,Hair Care,54.83,57.36,494,41666.95,90,27645.84,14021.109999999997,0.33650435177040794
P00538,Feminine Care Essential 0538,Feminine Care,76.79,69.98,183,41590.57,241,29067.51,12523.060000000001,0.3011033510721301
P00727,Wellness Essential 0727,Wellness,30.84,39.73,1228,41546.22,36,24296.17,17250.050000000003,0.4152014310808541
P00156,Makeup Essential 0156,Makeup,63.5,41.68,313,41493.19,141,22848.35,18644.840000000004,0.449346989228835
P00416,Makeup Essential 0416,Makeup,52.71,36.05,351,41284.4,126,23036.91,18247.49,0.4419947970662042
P00305,Wellness Essential 0305,Wellness,37.1,45.84,776,41230.24,57,24242.52,16987.719999999998,0.41202088564121864
P00273,Feminine Care Essential 0273,Feminine Care,59.13,65.95,335,41106.39,132,29246.62,11859.77,0.28851402421861905
P00531,Fashion Accessories Essential 0531,Fashion Accessories,38.06,40.57,687,40996.55,64,21097.55,19899.000000000004,0.4853823065599423
P00525,Hair Care Essential 0525,Hair Care,46.58,55.9,580,40778.12,75,26802.34,13975.780000000002,0.34272742343197776
P00253,Skincare Essential 0253,Skincare,65.87,43.01,361,40773.6,121,24967.0,15806.599999999999,0.3876675103498342
P00561,Hair Care Essential 0561,Hair Care,52.61,62.74,405,40710.58,107,26936.55,13774.030000000002,0.3383403036753591
P00072,Hair Care Essential 0072,Hair Care,53.42,60.01,417,40413.3,104,26837.19,13576.110000000004,0.3359317353445525
P00641,Fashion Accessories Essential 0641,Fashion Accessories,53.36,53.48,506,40291.98,85,20611.33,19680.65,0.4884508033608673
P00771,Wellness Essential 0771,Wellness,49.41,51.15,623,39928.37,68,23408.75,16519.620000000003,0.4137313894857216
P00021,Fashion Accessories Essential 0021,Fashion Accessories,54.64,61.46,476,39744.43,89,20326.48,19417.95,0.48857034809657607
P00161,Feminine Care Essential 0161,Feminine Care,73.81,69.23,224,39731.1,190,28060.920000000002,11670.179999999997,0.29372909383329426
P00175,Makeup Essential 0175,Makeup,53.38,35.59,434,39658.86,98,22116.91,17541.95,0.4423210853766346
P00245,Hair Care Essential 0245,Hair Care,46.71,56.71,577,39633.82,73,26209.45,13424.369999999999,0.3387099704242488
P00276,Makeup Essential 0276,Makeup,59.09,40.9,359,39509.82,117,21845.97,17663.85,0.4470749297263313
P00597,Skincare Essential 0597,Skincare,25.95,13.76,947,39491.229999999996,44,23740.850000000002,15750.379999999994,0.3988323483467088
P00284,Skincare Essential 0284,Skincare,37.44,23.36,646,39148.26,64,23434.01,15714.250000000004,0.4014035361980329
P00034,Fashion Accessories Essential 0034,Fashion Accessories,47.87,42.63,712,39108.96,59,20096.45,19012.51,0.4861420503127672
P00041,Wellness Essential 0041,Wellness,43.2,49.56,769,39076.4,54,22876.8,16199.600000000002,0.41456224217174564
P00181,Skincare Essential 0181,Skincare,38.95,21.65,780,38901.47,53,23581.9,15319.57,0.39380439865125916
P00651,Fashion Accessories Essential 0651,Fashion Accessories,56.47,61.09,384,38894.28,109,20114.74,18779.539999999997,0.48283552234415955
P00131,Fashion Accessories Essential 0131,Fashion Accessories,42.93,44.98,700,38871.93,60,20164.93,18707.0,0.4812470078022882
P00753,Skincare Essential 0753,Skincare,46.36,26.22,676,38856.09,62,23928.86,14927.229999999996,0.3841670636443347
P00242,Wellness Essential 0242,Wellness,55.55,64.2,344,38821.57,120,22612.32,16209.25,0.4175320575649053
P00334,Skincare Essential 0334,Skincare,58.95,40.25,349,38716.37,119,23656.79,15059.580000000002,0.38897189999992254
P00677,Makeup Essential 0677,Makeup,59.56,38.36,426,38113.1,98,21739.44,16373.66,0.42960714295084895
P00123,Wellness Essential 0123,Wellness,56.06,53.42,541,37722.0,74,22079.23,15642.77,0.4146855946132231
P00080,Makeup Essential 0080,Makeup,47.53,34.52,411,37712.4,98,20955.0,16757.4,0.4443472173608681
P00592,Fashion Accessories Essential 0592,Fashion Accessories,59.37,64.79,341,37694.840000000004,118,19255.32,18439.520000000004,0.48917889026720907
P00519,Makeup Essential 0519,Makeup,64.55,43.11,361,37522.33,111,20902.44,16619.890000000003,0.4429333146422411
P00314,Hair Care Essential 0314,Hair Care,66.23,75.37,277,37516.82,144,24751.02,12765.8,0.3402687114739469
P00146,Skincare Essential 0146,Skincare,61.88,49.68,295,37360.42,135,22740.41,14620.009999999998,0.3913234915453306
P00731,Skincare Essential 0731,Skincare,37.25,22.49,703,37352.25,58,23295.72,14056.529999999999,0.37632351464771197
P00303,Skincare Essential 0303,Skincare,43.68,31.59,463,37344.58,87,22940.61,14403.970000000001,0.3857044315399986
P00398,Makeup Essential 0398,Makeup,66.3,41.21,357,37194.04,112,20754.29,16439.75,0.4419995784270813
P00322,Feminine Care Essential 0322,Feminine Care,56.19,67.23,428,37186.92,93,26300.97,10885.949999999997,0.2927359942689526
P00497,Hair Care Essential 0497,Hair Care,54.8,60.44,461,37134.57,86,24584.59,12549.98,0.33795948088263844
P00099,Skincare Essential 0099,Skincare,39.05,29.08,515,37045.86,78,22882.95,14162.91,0.3823074967081342
P00552,Feminine Care Essential 0552,Feminine Care,66.62,62.36,282,36986.7,140,26046.29,10940.409999999996,0.29579308237826024
P00312,Wellness Essential 0312,Wellness,21.97,31.08,1231,36946.81,32,21575.4,15371.409999999996,0.416041601426483
P00765,Wellness Essential 0765,Wellness,36.59,42.77,1187,36568.11,33,21782.57,14785.54,0.4043287990546955
P00285,Wellness Essential 0285,Wellness,33.45,39.86,637,36550.47,61,21468.78,15081.690000000002,0.4126264313427434
P00317,Skincare Essential 0317,Skincare,28.11,14.49,1119,36378.96,35,22342.88,14036.079999999998,0.38582961140175526
P00523,Makeup Essential 0523,Makeup,48.68,34.27,446,36327.93,87,20153.54,16174.39,0.4452329103254713
P00349,Hair Care Essential 0349,Hair Care,58.14,60.07,409,36283.05,95,23960.829999999998,12322.220000000005,0.33961367635852013
P00057,Makeup Essential 0057,Makeup,65.72,44.76,288,36241.62,135,20173.12,16068.500000000004,0.4433714607680342
P00162,Skincare Essential 0162,Skincare,61.88,40.71,345,36239.83,112,22033.76,14206.070000000003,0.39200156292123894
P00176,Makeup Essential 0176,Makeup,68.44,52.83,253,36168.27,153,20060.87,16107.399999999998,0.44534615562204105
P00208,Hair Care Essential 0208,Hair Care,56.36,59.01,415,36123.22,93,23950.98,12172.240000000002,0.3369644234373348
P00058,Makeup Essential 0058,Makeup,48.59,40.16,518,36070.2,74,19817.71,16252.489999999998,0.4505794256754883
P00780,Makeup Essential 0780,Makeup,46.72,36.45,812,35889.71,47,19795.42,16094.29,0.44843744906269795
P00793,Wellness Essential 0793,Wellness,52.56,55.13,523,35838.35,73,20895.71,14942.64,0.4169455346018999
P00070,Skincare Essential 0070,Skincare,60.6,38.22,419,35825.53,93,22214.21,13611.32,0.37993352785011136
P00385,Skincare Essential 0385,Skincare,41.62,25.51,629,35823.12,60,21538.55,14284.570000000003,0.3987528166167548
P00586,Skincare Essential 0586,Skincare,37.87,19.56,690,35700.5,56,22080.71,13619.79,0.3815013795324996
P00251,Wellness Essential 0251,Wellness,47.13,44.61,606,35344.12,62,20602.91,14741.210000000003,0.4170767301604907
P00329,Makeup Essential 0329,Makeup,60.94,38.06,377,35300.39,100,19587.13,15713.259999999998,0.44512992632659293
P00550,Hair Care Essential 0550,Hair Care,46.34,58.45,429,35251.28,88,23458.09,11793.189999999999,0.3345464334912094
P00376,Skincare Essential 0376,Skincare,42.16,26.72,513,35113.77,73,21261.82,13851.949999999997,0.3944876895873043
P00708,Hair Care Essential 0708,Hair Care,49.82,56.25,424,34759.99,88,23117.3,11642.689999999999,0.33494514814302306
P00446,Wellness Essential 0446,Wellness,39.17,41.49,697,34633.01,53,20296.32,14336.690000000002,0.4139602650765845
P00607,Skincare Essential 0607,Skincare,56.92,44.47,286,34450.85,128,20862.79,13588.059999999998,0.39441871535825673
P00675,Feminine Care Essential 0675,Feminine Care,78.34,71.62,151,34234.21,242,24125.21,10109.0,0.29528941956014176
P00629,Skincare Essential 0629,Skincare,55.62,37.9,330,34216.63,110,20731.52,13485.109999999997,0.3941098232058504
P00282,Fashion Accessories Essential 0282,Fashion Accessories,43.83,43.44,584,34047.4,62,17448.64,16598.760000000002,0.4875191644589602
P00553,Hair Care Essential 0553,Hair Care,46.55,54.98,564,33942.15,65,22669.55,11272.600000000002,0.33211213785809096
P00665,Makeup Essential 0665,Makeup,65.95,48.05,249,33903.56,146,18864.58,15038.979999999996,0.4435811460507391
P00258,Fashion Accessories Essential 0258,Fashion Accessories,49.3,57.71,406,33783.27,89,17279.22,16504.049999999996,0.4885273095233231
P00008,Skincare Essential 0008,Skincare,56.93,32.15,545,33453.21,65,20189.13,13264.079999999998,0.39649647971001883
P00411,Fashion Accessories Essential 0411,Fashion Accessories,56.17,60.38,322,33207.55,109,16695.37,16512.180000000004,0.49724174171235164
P00683,Wellness Essential 0683,Wellness,65.4,72.89,250,33144.73,142,19535.8,13608.930000000004,0.41059106530661144
P00391,Skincare Essential 0391,Skincare,39.02,22.4,823,33133.82,44,20696.83,12436.989999999998,0.375356357944843
P00535,Hair Care Essential 0535,Hair Care,55.79,61.24,399,33086.62,88,21784.32,11302.300000000003,0.3415972982432174
P00363,Feminine Care Essential 0363,Feminine Care,63.17,57.49,270,33043.42,131,23347.56,9695.859999999997,0.29342785946491
P00263,Fashion Accessories Essential 0263,Fashion Accessories,47.87,54.96,430,32946.04,82,16886.88,16059.16,0.4874382475101712
P00632,Makeup Essential 0632,Makeup,53.01,38.2,399,32870.39,88,18287.36,14583.029999999999,0.44365247872020985
P00332,Skincare Essential 0332,Skincare,47.2,25.51,609,32858.54,58,20123.7,12734.84,0.3875656069928853
P00106,Skincare Essential 0106,Skincare,40.88,23.36,610,32833.63,58,20120.46,12713.169999999998,0.3871996486529208
P00372,Makeup Essential 0372,Makeup,61.48,40.48,317,32738.68,111,18288.11,14450.57,0.44139134503895694
P00481,Makeup Essential 0481,Makeup,66.28,47.22,255,32547.46,136,18135.52,14411.939999999999,0.44279768682410237
P00026,Hair Care Essential 0026,Hair Care,33.92,44.66,946,32537.92,37,21563.6,10974.32,0.33727785918706543
P00564,Feminine Care Essential 0564,Feminine Care,45.47,63.82,351,32333.6,98,22633.64,9699.96,0.2999962886904025
P00222,Makeup Essential 0222,Makeup,52.46,40.24,575,32246.69,60,17984.1,14262.59,0.44229624808003554
P00027,Fashion Accessories Essential 0027,Fashion Accessories,62.42,60.93,329,31958.25,104,16404.29,15553.96,0.4866962364960534
P00261,Skincare Essential 0261,Skincare,52.33,30.95,503,31897.94,68,19368.79,12529.149999999998,0.3927886879215397
P00760,Fashion Accessories Essential 0760,Fashion Accessories,58.19,60.14,346,31773.87,98,16195.95,15577.919999999998,0.4902745557906544
P00465,Wellness Essential 0465,Wellness,46.23,61.42,445,31747.49,76,18564.91,13182.580000000002,0.41523219630906255
P00054,Skincare Essential 0054,Skincare,27.08,15.15,1017,31701.49,33,19130.87,12570.620000000003,0.39653088861122937
P00662,Hair Care Essential 0662,Hair Care,53.54,69.55,226,31596.52,148,20677.59,10918.93,0.3455738163569912
P00568,Wellness Essential 0568,Wellness,42.19,46.18,800,31467.54,42,18542.93,12924.61,0.4107283251248747
P00369,Skincare Essential 0369,Skincare,71.01,57.39,188,31387.15,178,19065.23,12321.920000000002,0.3925784915164327
P00030,Feminine Care Essential 0030,Feminine Care,56.99,59.86,283,31362.41,119,22203.77,9158.64,0.29202602733654714
P00610,Feminine Care Essential 0610,Feminine Care,51.62,63.18,527,31307.22,63,21989.38,9317.84,0.2976259150445169
P00179,Skincare Essential 0179,Skincare,60.16,46.45,270,31203.64,124,19138.16,12065.48,0.38666899118179804
P00508,Skincare Essential 0508,Skincare,33.94,19.97,733,31168.13,45,18763.68,12404.45,0.39798505717218197
P00686,Hair Care Essential 0686,Hair Care,47.07,54.69,520,31079.41,64,20500.52,10578.89,0.34038258770034563
P00144,Makeup Essential 0144,Makeup,66.51,47.85,218,31039.88,152,17249.7,13790.18,0.44427298043678004
P00259,Skincare Essential 0259,Skincare,54.97,48.74,285,30999.46,116,18841.55,12157.91,0.3921974769883088
P00601,Makeup Essential 0601,Makeup,51.34,34.42,480,30986.67,69,17196.17,13790.5,0.44504620857936655
P00018,Fashion Accessories Essential 0018,Fashion Accessories,30.64,39.55,631,30872.06,52,15697.74,15174.320000000002,0.491522755527166
P00702,Feminine Care Essential 0702,Feminine Care,61.65,57.77,288,30716.89,114,21590.84,9126.05,0.29710201781495454
P00453,Hair Care Essential 0453,Hair Care,55.74,59.81,372,30652.34,88,20206.16,10446.18,0.3407955151221734
P00015,Feminine Care Essential 0015,Feminine Care,56.84,65.74,307,30465.45,106,21529.93,8935.52,0.2933001153765987
P00668,Hair Care Essential 0668,Hair Care,24.88,45.08,497,30351.45,65,20082.57,10268.880000000001,0.33833243551790776
P00277,Makeup Essential 0277,Makeup,52.58,36.22,372,30199.7,87,16772.56,13427.14,0.44461170144074275
P00362,Makeup Essential 0362,Makeup,63.79,46.81,179,29953.04,179,16623.52,13329.52,0.44501392846936405
P00741,Makeup Essential 0741,Makeup,69.38,50.73,196,29824.09,163,16551.81,13272.279999999999,0.4450187750908745
P00594,Skincare Essential 0594,Skincare,32.31,24.02,555,29778.829999999998,57,17948.94,11829.89,0.3972583879218895
P00351,Hair Care Essential 0351,Hair Care,49.19,54.95,391,29658.44,81,19738.11,9920.329999999998,0.3344859001350037
P00153,Wellness Essential 0153,Wellness,48.14,48.8,533,29596.93,59,17161.94,12434.990000000002,0.42014458932058163
P00182,Feminine Care Essential 0182,Feminine Care,64.25,61.39,294,29451.85,106,20560.61,8891.239999999998,0.30189071314705185
P00529,Feminine Care Essential 0529,Feminine Care,48.59,60.83,314,29436.65,100,20667.489999999998,8769.160000000003,0.29789938732838156
P00676,Hair Care Essential 0676,Hair Care,41.09,52.26,393,29375.71,79,19309.8,10065.91,0.3426609944066033
P00364,Makeup Essential 0364,Makeup,50.29,36.48,326,29319.92,96,16293.210000000001,13026.709999999997,0.4442955506017751
P00003,Fashion Accessories Essential 0003,Fashion Accessories,40.71,41.56,574,29230.899999999998,54,14877.03,14353.869999999997,0.4910512505601948
P00692,Wellness Essential 0692,Wellness,40.83,55.31,494,29192.53,63,17180.8,12011.73,0.41146587842848836
P00024,Makeup Essential 0024,Makeup,49.89,33.98,405,29172.5,77,16249.47,12923.03,0.44298671694232583
P00614,Fashion Accessories Essential 0614,Fashion Accessories,46.34,52.0,428,29054.87,72,14876.88,14177.99,0.4879729284625951
P00762,Makeup Essential 0762,Makeup,42.91,30.7,468,28889.92,65,15942.47,12947.449999999999,0.4481649654966161
P00558,Hair Care Essential 0558,Hair Care,42.01,49.33,446,28861.399999999998,69,19193.63,9667.769999999997,0.3349723159652684
P00202,Wellness Essential 0202,Wellness,37.18,46.59,548,28808.489999999998,56,16930.09,11878.399999999998,0.4123228950909957
P00387,Skincare Essential 0387,Skincare,40.36,22.49,614,28705.71,50,17497.44,11208.27,0.39045437301498553
P00477,Skincare Essential 0477,Skincare,51.22,35.29,386,28693.67,80,17591.95,11101.719999999998,0.38690484695753447
P00239,Hair Care Essential 0239,Hair Care,60.82,67.91,265,28553.8,115,18913.17,9640.630000000001,0.3376303679370172
P00466,Wellness Essential 0466,Wellness,36.56,43.43,563,28448.21,54,16734.94,11713.27,0.41174014111959945
P00100,Wellness Essential 0100,Wellness,40.14,57.88,362,28445.23,83,16525.739999999998,11919.490000000002,0.41903299779963116
P00493,Makeup Essential 0493,Makeup,43.46,30.3,336,28284.39,91,15918.93,12365.46,0.4371831953950571
P00318,Makeup Essential 0318,Makeup,66.63,49.4,225,28136.12,133,15626.92,12509.199999999999,0.44459577226710717
P00361,Hair Care Essential 0361,Hair Care,47.98,56.8,600,28135.84,50,18628.85,9506.990000000002,0.33789607845367337
P00559,Skincare Essential 0559,Skincare,47.57,40.21,300,28061.39,100,17108.95,10952.439999999999,0.39030283246838443
P00302,Hair Care Essential 0302,Hair Care,34.27,46.9,672,28013.37,44,18348.05,9665.32,0.3450252504429135
P00117,Makeup Essential 0117,Makeup,54.33,37.28,257,27822.59,116,15453.81,12368.78,0.4445588998004859
P00294,Makeup Essential 0294,Makeup,47.07,27.0,373,27647.74,79,15399.210000000001,12248.53,0.44302102088633644
P00721,Skincare Essential 0721,Skincare,56.84,48.05,233,27483.84,125,16676.0,10807.84,0.3932434477860445
P00356,Fashion Accessories Essential 0356,Fashion Accessories,50.04,46.63,525,27472.8,57,14338.03,13134.769999999999,0.4781008852392184
P00557,Skincare Essential 0557,Skincare,41.93,25.9,538,27457.94,55,16832.83,10625.109999999997,0.3869594732889648
P00118,Makeup Essential 0118,Makeup,29.28,24.86,441,27422.12,66,15076.22,12345.9,0.4502168322507523
P00410,Skincare Essential 0410,Skincare,43.36,33.61,429,27353.21,68,16655.76,10697.45,0.3910857263187758
P00357,Feminine Care Essential 0357,Feminine Care,73.64,68.26,203,27239.09,143,19184.64,8054.450000000001,0.29569453311399174
P00419,Skincare Essential 0419,Skincare,59.05,46.59,289,27221.03,100,16582.73,10638.3,0.39081180983967173
P00754,Makeup Essential 0754,Makeup,37.88,25.52,499,27203.5,58,15147.34,12056.16,0.4431841490984616
P00590,Skincare Essential 0590,Skincare,33.72,23.94,589,27153.03,49,16404.75,10748.279999999999,0.3958409061530149
P00794,Skincare Essential 0794,Skincare,37.96,26.02,536,27002.5,54,16507.91,10494.59,0.38865253217294693
P00433,Hair Care Essential 0433,Hair Care,58.33,67.39,230,26985.54,125,17764.77,9220.77,0.3416929955820784
P00732,Skincare Essential 0732,Skincare,60.57,48.56,195,26933.26,149,16555.46,10377.8,0.3853154055617478
P00137,Skincare Essential 0137,Skincare,36.25,32.42,417,26922.85,69,16414.65,10508.199999999997,0.3903078611662583
P00157,Feminine Care Essential 0157,Feminine Care,47.01,58.53,284,26879.27,101,18894.920000000002,7984.3499999999985,0.2970448974246696
P00784,Hair Care Essential 0784,Hair Care,37.73,49.47,587,26863.16,49,17849.75,9013.41,0.3355305183753512
P00255,Skincare Essential 0255,Skincare,34.35,22.4,502,26685.95,57,16298.5,10387.45,0.38924790011223137
P00476,Makeup Essential 0476,Makeup,51.03,34.77,322,26508.44,88,14715.88,11792.56,0.4448605802529308
P00129,Hair Care Essential 0129,Hair Care,57.94,68.0,298,26269.15,95,17618.829999999998,8650.320000000003,0.32929577089475687
P00373,Skincare Essential 0373,Skincare,24.35,14.1,758,26157.72,37,15887.94,10269.78,0.3926099063679862
P00678,Skincare Essential 0678,Skincare,33.18,16.69,607,25937.91,46,15948.81,9989.1,0.38511584009659994
P00306,Feminine Care Essential 0306,Feminine Care,66.88,61.25,187,25935.6,148,18174.34,7761.259999999998,0.29925122225820877
P00353,Fashion Accessories Essential 0353,Fashion Accessories,39.84,45.89,422,25911.75,65,13211.72,12700.03,0.4901262940557855
P00736,Hair Care Essential 0736,Hair Care,53.82,66.11,254,25682.85,108,17114.48,8568.369999999999,0.3336222420798315
P00739,Hair Care Essential 0739,Hair Care,52.23,55.35,327,25531.97,84,16996.64,8535.330000000002,0.33429970346980675
P00783,Hair Care Essential 0783,Hair Care,54.18,58.06,345,25509.46,78,16671.51,8837.95,0.3464577454795202
P00631,Hair Care Essential 0631,Hair Care,59.71,58.38,405,25490.72,67,16855.09,8635.630000000001,0.33877544455393965
P00075,Wellness Essential 0075,Wellness,35.5,42.9,555,25411.0,49,15026.18,10384.82,0.4086741962142379
P00689,Skincare Essential 0689,Skincare,42.7,25.67,467,25391.760000000002,59,15666.57,9725.190000000002,0.3830057467461886
P00623,Fashion Accessories Essential 0623,Fashion Accessories,33.53,35.38,591,25364.01,46,13008.57,12355.439999999999,0.4871248670852913
P00214,Makeup Essential 0214,Makeup,32.87,26.15,627,25342.91,44,14263.65,11079.26,0.4371739472696703
P00338,Makeup Essential 0338,Makeup,34.01,30.73,561,25340.84,48,14019.94,11320.9,0.44674525390634245
P00467,Hair Care Essential 0467,Hair Care,33.04,47.92,638,25187.91,43,16906.9,8281.009999999998,0.3287692388927862
P00320,Wellness Essential 0320,Wellness,23.83,34.61,850,25140.21,32,14975.06,10165.15,0.40433830902764933
P00381,Makeup Essential 0381,Makeup,55.25,34.91,337,25029.579999999998,80,14024.02,11005.559999999998,0.439702144422719
P00197,Makeup Essential 0197,Makeup,51.59,37.19,313,25024.78,85,13825.76,11199.019999999999,0.4475172209306135
P00050,Skincare Essential 0050,Skincare,38.94,28.78,392,24931.61,68,15231.13,9700.480000000001,0.3890835770333324
P00205,Makeup Essential 0205,Makeup,47.47,35.48,270,24823.13,98,13731.97,11091.160000000002,0.44680747351361416
P00013,Hair Care Essential 0013,Hair Care,34.03,44.77,475,24800.72,56,16479.3,8321.420000000002,0.3355313877984188
P00655,Fashion Accessories Essential 0655,Fashion Accessories,50.96,54.87,349,24732.5,76,12722.31,12010.19,0.48560355807136363
P00217,Makeup Essential 0217,Makeup,51.75,41.96,246,24730.81,107,13657.32,11073.490000000002,0.44776091037859256
P00438,Hair Care Essential 0438,Hair Care,34.91,48.53,577,24663.59,45,16055.42,8608.17,0.349023398459024
P00342,Makeup Essential 0342,Makeup,40.97,25.42,438,24646.899999999998,60,13777.14,10869.759999999998,0.4410193574039737
P00781,Wellness Essential 0781,Wellness,30.19,37.79,633,24640.49,42,14556.380000000001,10084.11,0.4092495725531432
P00088,Feminine Care Essential 0088,Feminine Care,54.54,61.93,366,24475.76,71,17108.829999999998,7366.93,0.30098881505620256
P00248,Wellness Essential 0248,Wellness,40.58,52.95,389,24463.18,67,14290.33,10172.85,0.4158433204513886
P00648,Feminine Care Essential 0648,Feminine Care,58.64,65.7,318,24398.71,82,17203.12,7195.59,0.29491682142211617
P00789,Skincare Essential 0789,Skincare,45.66,29.52,447,24372.41,58,14846.86,9525.55,0.3908333234177498
P00210,Skincare Essential 0210,Skincare,43.2,24.48,529,24362.26,49,14779.06,9583.199999999999,0.3933625205543328
P00473,Skincare Essential 0473,Skincare,43.74,30.47,453,24314.33,57,14722.48,9591.850000000002,0.3944936998058347
P00025,Skincare Essential 0025,Skincare,59.77,38.1,410,24277.94,63,14639.93,9638.009999999998,0.3969863176200287
P00745,Feminine Care Essential 0745,Feminine Care,55.73,58.63,245,24204.99,106,17107.04,7097.950000000001,0.2932432527342503
P00487,Feminine Care Essential 0487,Feminine Care,52.5,55.91,248,24169.93,104,16993.6,7176.330000000002,0.29691149291702545
P00388,Fashion Accessories Essential 0388,Fashion Accessories,38.61,49.7,432,24159.31,60,12266.84,11892.470000000001,0.49225205521184173
P00068,Feminine Care Essential 0068,Feminine Care,60.95,60.87,183,24140.03,141,16992.62,7147.41,0.2960812393356595
P00246,Hair Care Essential 0246,Hair Care,51.65,55.59,408,24088.6,63,15914.460000000001,8174.139999999998,0.3393364496068679
P00200,Wellness Essential 0200,Wellness,50.02,47.62,574,24060.09,45,14222.67,9837.42,0.4088687947551318
P00720,Makeup Essential 0720,Makeup,55.92,37.47,297,23991.59,87,13418.45,10573.14,0.4407019293010592
P00437,Hair Care Essential 0437,Hair Care,50.9,54.93,658,23962.59,39,15722.210000000001,8240.38,0.34388519771861054
P00052,Fashion Accessories Essential 0052,Fashion Accessories,24.58,33.77,594,23928.13,43,12234.08,11694.050000000001,0.48871558287254374
P00611,Feminine Care Essential 0611,Feminine Care,54.17,56.8,188,23834.29,137,16976.93,6857.360000000001,0.28770984996826005
P00729,Feminine Care Essential 0729,Feminine Care,56.63,57.05,277,23765.82,92,16806.65,6959.169999999998,0.2928226335131714
P00105,Makeup Essential 0105,Makeup,62.04,42.23,234,23756.72,109,13192.7,10564.02,0.44467502247785046
P00776,Hair Care Essential 0776,Hair Care,48.41,54.85,415,23673.74,61,15721.81,7951.930000000002,0.3358966517331018
P00170,Skincare Essential 0170,Skincare,42.17,29.8,343,23652.83,74,14568.77,9084.060000000001,0.3840580598600675
P00067,Wellness Essential 0067,Wellness,51.99,58.44,499,23648.02,51,14042.93,9605.09,0.40616888855811184
P00121,Wellness Essential 0121,Wellness,47.49,48.8,586,23460.26,42,13458.86,10001.399999999998,0.42631241085989663
P00325,Hair Care Essential 0325,Hair Care,37.53,48.92,352,23425.09,71,15505.05,7920.040000000001,0.3381007287485342
P00766,Makeup Essential 0766,Makeup,34.31,23.2,474,23306.94,53,13045.45,10261.489999999998,0.44027615808853493
P00348,Feminine Care Essential 0348,Feminine Care,64.79,64.74,178,23216.6,139,16343.14,6873.459999999999,0.29605799298777596
P00542,Hair Care Essential 0542,Hair Care,48.78,54.64,511,23198.32,49,15483.07,7715.25,0.33257796254211514
P00010,Feminine Care Essential 0010,Feminine Care,51.67,57.83,242,23165.82,102,16284.45,6881.369999999999,0.2970484101145567
P00759,Makeup Essential 0759,Makeup,38.48,32.06,543,23144.18,45,12692.27,10451.91,0.45159992706589736
P00089,Fashion Accessories Essential 0089,Fashion Accessories,34.43,49.24,458,23019.29,54,11877.62,11141.67,0.48401449393095963
P00289,Hair Care Essential 0289,Hair Care,38.63,52.41,314,23017.86,78,15243.92,7773.9400000000005,0.33773513263179117
P00769,Makeup Essential 0769,Makeup,38.2,25.23,471,22986.64,52,12653.09,10333.55,0.44954591014606743
P00738,Skincare Essential 0738,Skincare,35.17,18.66,728,22917.79,34,14101.68,8816.11,0.3846841253017852
P00171,Feminine Care Essential 0171,Feminine Care,50.98,53.08,260,22786.3,93,15928.61,6857.689999999999,0.30095671521923256
P00479,Wellness Essential 0479,Wellness,34.92,49.31,463,22630.4,52,13307.19,9323.210000000001,0.4119772518382353
P00122,Wellness Essential 0122,Wellness,50.25,60.84,348,22629.920000000002,70,13406.25,9223.670000000002,0.4075873887313787
P00048,Fashion Accessories Essential 0048,Fashion Accessories,28.19,39.71,546,22517.11,44,11481.02,11036.09,0.4901201797211098
P00627,Feminine Care Essential 0627,Feminine Care,46.86,56.49,349,22447.75,69,15800.87,6646.879999999999,0.2961045093606263
P00585,Feminine Care Essential 0585,Feminine Care,49.62,51.75,299,22422.239999999998,81,15941.4,6480.839999999998,0.28903624258771643
P00452,Skincare Essential 0452,Skincare,19.69,8.51,1048,22384.11,23,13704.46,8679.650000000001,0.3877594418540653
P00726,Feminine Care Essential 0726,Feminine Care,47.07,56.6,243,22361.51,99,15850.14,6511.369999999999,0.29118650753012654
P00664,Makeup Essential 0664,Makeup,43.85,33.82,313,22236.11,77,12538.57,9697.54,0.4361167488378138
P00638,Fashion Accessories Essential 0638,Fashion Accessories,48.99,54.87,324,22224.48,74,11552.44,10672.039999999999,0.48019301238994117
P00517,Feminine Care Essential 0517,Feminine Care,55.11,55.42,241,22206.61,99,15820.6,6386.01,0.2875724840486684
P00490,Fashion Accessories Essential 0490,Fashion Accessories,40.75,49.37,432,22136.79,54,11161.22,10975.570000000002,0.49580675427647825
P00650,Hair Care Essential 0650,Hair Care,56.34,58.45,313,22032.97,75,14651.01,7381.960000000001,0.33504153094203826
P00562,Makeup Essential 0562,Makeup,53.68,35.2,298,22032.94,79,12213.44,9819.499999999998,0.44567361414318735
P00046,Makeup Essential 0046,Makeup,45.25,36.02,215,22012.27,109,12199.8,9812.470000000001,0.4457727440195855
P00551,Makeup Essential 0551,Makeup,45.99,27.82,372,21989.49,63,12253.71,9735.780000000002,0.44274696684643444
P00113,Makeup Essential 0113,Makeup,32.07,24.62,986,21989.37,24,12381.869999999999,9607.5,0.4369156551551955
P00680,Skincare Essential 0680,Skincare,37.78,29.73,381,21809.23,61,13290.93,8518.3,0.3905823360109458
P00366,Feminine Care Essential 0366,Feminine Care,45.48,54.64,345,21752.16,67,15221.77,6530.389999999999,0.3002180013387176
P00694,Makeup Essential 0694,Makeup,40.61,26.44,386,21740.71,60,12129.64,9611.07,0.44207709867801004
P00032,Makeup Essential 0032,Makeup,58.67,40.32,219,21703.49,106,12156.23,9547.260000000002,0.43989515050344447
P00324,Fashion Accessories Essential 0324,Fashion Accessories,36.8,46.95,483,21590.34,48,11085.87,10504.47,0.486535645107951
P00218,Hair Care Essential 0218,Hair Care,43.56,48.43,589,21529.68,39,14254.17,7275.51,0.337929314323297
P00164,Wellness Essential 0164,Wellness,44.6,55.31,387,21466.56,59,12580.03,8886.53,0.4139708458178674
P00674,Makeup Essential 0674,Makeup,57.94,42.78,173,21321.27,132,11861.65,9459.62,0.4436705693422578
P00646,Skincare Essential 0646,Skincare,37.08,26.85,413,21316.54,55,13023.6,8292.94,0.3890378081996422
P00115,Makeup Essential 0115,Makeup,32.71,30.92,631,21314.56,36,11826.21,9488.350000000002,0.4451581454179679
P00091,Skincare Essential 0091,Skincare,42.02,31.99,408,21305.92,56,13048.07,8257.849999999999,0.3875847651732476
P00407,Makeup Essential 0407,Makeup,40.79,30.61,304,21254.22,74,11747.6,9506.62,0.4472815280918331
P00341,Wellness Essential 0341,Wellness,28.65,40.22,644,21243.43,36,12783.65,8459.78,0.3982304175926393
P00469,Feminine Care Essential 0469,Feminine Care,49.26,52.38,287,21154.31,78,14744.84,6409.470000000001,0.3029864836054686
P00480,Skincare Essential 0480,Skincare,39.12,31.5,453,21043.25,50,12893.6,8149.65,0.3872809570764972
P00548,Feminine Care Essential 0548,Feminine Care,58.73,57.43,236,21019.29,95,14750.9,6268.390000000001,0.298220824775718
P00451,Fashion Accessories Essential 0451,Fashion Accessories,34.78,36.43,552,20991.44,40,10551.11,10440.329999999998,0.4973613053701889
P00281,Hair Care Essential 0281,Hair Care,41.54,50.42,538,20944.510000000002,42,13896.69,7047.8200000000015,0.33649963642023617
P00613,Fashion Accessories Essential 0613,Fashion Accessories,55.32,66.64,281,20866.989999999998,80,10819.88,10047.109999999999,0.4814834338828935
P00136,Skincare Essential 0136,Skincare,25.31,16.29,598,20751.47,37,12591.74,8159.730000000001,0.3932121435252539
P00307,Makeup Essential 0307,Makeup,37.28,23.36,370,20726.95,60,11563.869999999999,9163.080000000002,0.44208530439837995
P00336,Feminine Care Essential 0336,Feminine Care,58.0,55.59,220,20707.58,100,14490.7,6216.880000000001,0.3002224306268526
P00271,Skincare Essential 0271,Skincare,46.45,36.76,293,20624.41,77,12889.52,7734.889999999999,0.3750356979908758
P00767,Hair Care Essential 0767,Hair Care,42.08,50.54,339,20589.24,65,13652.08,6937.160000000002,0.33693132917970753
P00511,Skincare Essential 0511,Skincare,55.66,46.61,249,20478.09,88,12385.93,8092.16,0.39516185347363936
P00257,Hair Care Essential 0257,Hair Care,63.26,68.27,229,20477.86,96,13659.24,6818.620000000001,0.3329752229969343
P00633,Skincare Essential 0633,Skincare,29.5,13.47,600,20465.73,37,12685.57,7780.16,0.38015550874559567
P00168,Makeup Essential 0168,Makeup,44.45,34.26,556,20374.87,39,11259.49,9115.38,0.44738346796813916
P00587,Fashion Accessories Essential 0587,Fashion Accessories,49.45,46.31,613,20252.56,35,10262.29,9990.27,0.4932843057865277
P00128,Hair Care Essential 0128,Hair Care,55.7,67.91,237,20196.54,91,13344.88,6851.660000000002,0.3392491981299768
P00743,Fashion Accessories Essential 0743,Fashion Accessories,46.76,58.57,302,20188.73,71,10351.84,9836.89,0.48724659748285304
P00039,Fashion Accessories Essential 0039,Fashion Accessories,33.99,35.21,572,20151.61,38,10479.9,9671.710000000001,0.47994725979710806
P00195,Hair Care Essential 0195,Hair Care,42.64,50.12,427,20131.11,50,13236.3,6894.810000000001,0.3424952722428123
P00791,Hair Care Essential 0791,Hair Care,49.52,60.7,252,20130.86,85,13336.81,6794.050000000001,0.3374942749589437
P00007,Feminine Care Essential 0007,Feminine Care,70.19,67.84,114,20117.02,188,14115.82,6001.200000000001,0.29831456150065966
P00055,Skincare Essential 0055,Skincare,38.72,30.67,345,20051.13,62,12230.97,7820.160000000002,0.39001093703945866
P00707,Fashion Accessories Essential 0707,Fashion Accessories,30.6,31.52,618,19954.54,34,10061.52,9893.02,0.4957779031739143
P00250,Wellness Essential 0250,Wellness,39.95,40.23,850,19865.54,25,11760.38,8105.160000000002,0.4080009906602087
P00628,Makeup Essential 0628,Makeup,53.6,36.88,189,19812.64,113,11104.29,8708.349999999999,0.43953506448408686
P00700,Wellness Essential 0700,Wellness,51.72,67.39,262,19780.72,81,11684.52,8096.200000000001,0.4092975382089226
P00584,Makeup Essential 0584,Makeup,64.12,46.0,201,19720.06,105,10936.12,8783.94,0.4454317076114373
P00254,Skincare Essential 0254,Skincare,59.58,46.91,187,19647.88,112,11950.03,7697.85,0.3917903610974823
P00378,Feminine Care Essential 0378,Feminine Care,58.19,61.76,166,19596.59,126,13755.06,5841.530000000001,0.2980891063190076
P00142,Hair Care Essential 0142,Hair Care,29.69,42.93,423,19585.55,49,12858.57,6726.98,0.34346648421923304
P00512,Makeup Essential 0512,Makeup,46.24,32.22,252,19580.91,83,10880.3,8700.61,0.4443414529763939
P00152,Wellness Essential 0152,Wellness,52.05,65.86,238,19427.3,87,11293.53,8133.769999999999,0.4186773252073113
P00746,Makeup Essential 0746,Makeup,41.11,28.23,590,19357.03,35,10652.43,8704.599999999999,0.4496867546312631
P00191,Makeup Essential 0191,Makeup,41.0,26.63,441,19349.670000000002,47,10820.68,8528.990000000002,0.4407821942182994
P00691,Skincare Essential 0691,Skincare,41.01,30.04,403,19314.03,51,11717.44,7596.589999999998,0.3933197784201432
P00375,Makeup Essential 0375,Makeup,57.65,40.08,179,19292.99,115,10717.52,8575.470000000001,0.44448631342264733
P00323,Hair Care Essential 0323,Hair Care,41.68,46.67,398,19284.59,52,12784.15,6500.4400000000005,0.3370795023383956
P00247,Skincare Essential 0247,Skincare,39.11,39.62,290,19280.29,71,11769.52,7510.77,0.3895568998184156
P00445,Fashion Accessories Essential 0445,Fashion Accessories,44.4,52.97,453,19246.72,45,9700.47,9546.250000000002,0.4959936030658731
P00293,Skincare Essential 0293,Skincare,59.99,46.03,218,19209.739999999998,95,11806.3,7403.439999999999,0.38540032296116444
P00471,Hair Care Essential 0471,Hair Care,16.91,38.42,619,19196.89,33,12640.23,6556.66,0.3415480319989332
P00657,Feminine Care Essential 0657,Feminine Care,36.58,47.37,398,19049.66,51,13376.08,5673.58,0.29783103740434214
P00093,Skincare Essential 0093,Skincare,45.86,41.42,255,19014.63,80,11662.15,7352.480000000001,0.386674891912175
P00081,Skincare Essential 0081,Skincare,32.59,18.0,520,19006.84,39,11535.93,7470.91,0.3930642863306052
P00616,Skincare Essential 0616,Skincare,39.8,29.57,421,18941.03,48,11506.32,7434.709999999999,0.39251878065765167
P00574,Feminine Care Essential 0574,Feminine Care,45.04,54.16,354,18843.27,57,13284.32,5558.950000000001,0.2950098364031296
P00229,Fashion Accessories Essential 0229,Fashion Accessories,34.08,46.41,391,18794.670000000002,52,9782.48,9012.190000000002,0.47950775406006074
P00696,Makeup Essential 0696,Makeup,52.6,34.33,267,18692.93,75,10459.88,8233.050000000001,0.44043657147381393
P00394,Skincare Essential 0394,Skincare,47.22,30.53,383,18639.59,52,11368.82,7270.77,0.3900713481358764
P00405,Skincare Essential 0405,Skincare,54.75,46.15,173,18636.51,115,11347.77,7288.739999999998,0.3911000503849701
P00748,Wellness Essential 0748,Wellness,39.03,43.73,564,18395.54,35,10873.550000000001,7521.99,0.4089029188596801
P00344,Skincare Essential 0344,Skincare,28.66,16.9,720,18102.26,27,11069.18,7033.079999999998,0.38851944453344495
P00287,Fashion Accessories Essential 0287,Fashion Accessories,17.4,27.39,1048,17912.67,18,9078.94,8833.729999999998,0.4931554034099885
P00138,Feminine Care Essential 0138,Feminine Care,51.86,60.15,318,17804.23,60,12587.99,5216.24,0.2929775676903747
P00717,Fashion Accessories Essential 0717,Fashion Accessories,40.13,50.7,314,17740.26,61,9174.73,8565.529999999999,0.4828300148926791
P00429,Hair Care Essential 0429,Hair Care,33.55,50.09,565,17689.35,34,11856.91,5832.439999999999,0.32971477188251685
P00183,Feminine Care Essential 0183,Feminine Care,61.15,63.67,119,17685.58,159,12479.42,5206.160000000002,0.2943731559835754
P00670,Skincare Essential 0670,Skincare,36.4,23.36,370,17621.02,51,10752.86,6868.16,0.3897708532196206
P00536,Makeup Essential 0536,Makeup,37.45,23.32,298,17419.1,63,9751.45,7667.649999999998,0.44018634717063443
P00383,Feminine Care Essential 0383,Feminine Care,57.64,56.04,202,17416.56,93,12401.6,5014.960000000001,0.28794205055418526
P00439,Feminine Care Essential 0439,Feminine Care,44.77,44.97,281,17328.15,66,12236.22,5091.930000000002,0.29385306567637065
P00023,Fashion Accessories Essential 0023,Fashion Accessories,45.48,56.39,266,17001.25,68,8650.14,8351.11,0.4912056466436292
P00758,Wellness Essential 0758,Wellness,32.87,46.7,383,16982.52,47,9855.67,7126.85,0.41965797773239777
P00033,Skincare Essential 0033,Skincare,22.45,7.66,562,16915.149999999998,32,10269.06,6646.089999999998,0.39290754146430856
P00572,Skincare Essential 0572,Skincare,33.06,16.87,534,16800.81,34,10404.31,6396.500000000002,0.38072569120179334
P00203,Makeup Essential 0203,Makeup,48.76,35.66,219,16753.34,82,9355.57,7397.77,0.44156986009953836
P00234,Skincare Essential 0234,Skincare,30.33,24.75,400,16744.74,44,9938.98,6805.760000000002,0.4064416646660385
P00082,Skincare Essential 0082,Skincare,38.02,22.66,425,16677.94,42,10239.99,6437.949999999999,0.3860158988460205
P00457,Fashion Accessories Essential 0457,Fashion Accessories,34.84,38.13,619,16671.86,29,8550.89,8120.970000000001,0.48710641764026336
P00755,Wellness Essential 0755,Wellness,23.86,37.0,485,16671.23,37,9820.17,6851.0599999999995,0.41095108159385957
P00158,Feminine Care Essential 0158,Feminine Care,46.75,51.86,292,16628.03,61,11712.57,4915.459999999999,0.295612889801137
P00328,Makeup Essential 0328,Makeup,42.46,21.63,400,16620.989999999998,44,9208.72,7412.269999999999,0.4459583935734273
P00379,Fashion Accessories Essential 0379,Fashion Accessories,38.87,46.1,510,16611.6,35,8525.44,8086.159999999998,0.4867779142286113
P00620,Makeup Essential 0620,Makeup,41.07,27.82,337,16492.43,52,9059.15,7433.280000000001,0.45070859782336503
P00636,Skincare Essential 0636,Skincare,41.99,19.86,534,16483.670000000002,33,10111.52,6372.1500000000015,0.3865734997121394
P00626,Wellness Essential 0626,Wellness,39.19,38.76,524,16469.48,33,9448.36,7021.119999999999,0.42631097035243365
P00135,Fashion Accessories Essential 0135,Fashion Accessories,41.38,44.72,467,16451.63,38,8415.16,8036.470000000001,0.48849080607818196
P00350,Feminine Care Essential 0350,Feminine Care,47.92,51.46,211,16440.33,83,11563.78,4876.550000000001,0.2966211748790931
P00198,Makeup Essential 0198,Makeup,51.91,36.02,208,16411.41,83,8995.73,7415.68,0.45186123556720603
P00718,Makeup Essential 0718,Makeup,59.83,47.19,158,16339.99,110,9041.45,7298.539999999999,0.44666734802163277
P00660,Fashion Accessories Essential 0660,Fashion Accessories,40.12,43.08,548,16296.09,32,8459.32,7836.77,0.4808987922869842
P00326,Hair Care Essential 0326,Hair Care,39.6,50.11,372,16259.53,47,10879.09,5380.4400000000005,0.3309099340509843
P00605,Wellness Essential 0605,Wellness,32.48,45.27,498,16248.0,35,9637.0,6611.0,0.4068808468734613
P00069,Feminine Care Essential 0069,Feminine Care,26.37,50.51,608,16187.27,28,11290.19,4897.08,0.30252661504997447
P00698,Wellness Essential 0698,Wellness,42.42,50.43,408,16149.12,42,9316.99,6832.130000000001,0.42306515772995684
P00300,Makeup Essential 0300,Makeup,34.1,25.23,355,16044.66,48,8828.99,7215.67,0.4497240826542912
P00435,Hair Care Essential 0435,Hair Care,50.01,52.25,305,15897.13,56,10668.26,5228.869999999999,0.3289191193630548
P00238,Hair Care Essential 0238,Hair Care,32.97,50.88,301,15877.95,56,10483.23,5394.720000000001,0.33976174506154766
P00038,Skincare Essential 0038,Skincare,36.93,22.56,413,15838.36,41,9663.67,6174.6900000000005,0.38985665182506274
P00543,Skincare Essential 0543,Skincare,30.18,21.86,311,15831.43,55,9679.16,6152.27,0.3886111362018466
P00001,Makeup Essential 0001,Makeup,38.74,22.37,353,15592.44,48,8758.81,6833.630000000001,0.4382655953782731
P00110,Skincare Essential 0110,Skincare,29.81,24.16,373,15426.67,44,9406.05,6020.620000000001,0.39027346796165346
P00486,Makeup Essential 0486,Makeup,43.94,25.99,335,15426.220000000001,49,8523.92,6902.300000000001,0.44743948938884576
P00212,Skincare Essential 0212,Skincare,30.2,25.09,462,15420.22,36,9607.81,5812.41,0.3769343109242281
P00640,Hair Care Essential 0640,Hair Care,49.09,54.13,331,15364.65,50,10232.53,5132.119999999999,0.3340212761110731
P00365,Makeup Essential 0365,Makeup,18.77,22.54,531,15358.56,31,8619.91,6738.65,0.4387553260201477
P00243,Makeup Essential 0243,Makeup,44.35,28.19,268,15349.17,60,8365.13,6984.040000000001,0.45501092241469737
P00044,Wellness Essential 0044,Wellness,24.26,49.36,366,15303.63,45,9101.83,6201.799999999999,0.40525025761861727
P00420,Skincare Essential 0420,Skincare,30.75,29.41,299,15205.24,54,9197.63,6007.610000000001,0.39510129402758526
P00226,Fashion Accessories Essential 0226,Fashion Accessories,39.59,46.81,434,15166.29,37,7687.4800000000005,7478.81,0.493120598379696
P00308,Fashion Accessories Essential 0308,Fashion Accessories,31.75,31.52,642,15154.52,25,7698.58,7455.9400000000005,0.49199446765717425
P00800,Skincare Essential 0800,Skincare,55.47,41.62,258,15037.4,62,9130.77,5906.629999999999,0.3927959620679106
P00264,Hair Care Essential 0264,Hair Care,47.39,55.29,326,15020.34,49,9948.89,5071.450000000001,0.3376388284153355
P00443,Wellness Essential 0443,Wellness,49.6,57.62,461,14997.87,35,8846.21,6151.660000000002,0.41016891065197936
P00426,Feminine Care Essential 0426,Feminine Care,55.84,54.5,188,14982.81,85,10582.1,4400.709999999999,0.2937172666542524
P00292,Makeup Essential 0292,Makeup,23.55,19.52,691,14973.5,23,8333.13,6640.370000000001,0.44347480548969853
P00401,Skincare Essential 0401,Skincare,28.08,22.56,379,14731.23,42,9104.98,5626.25,0.3819266958699308
P00444,Makeup Essential 0444,Makeup,23.6,17.13,434,14728.18,36,8036.88,6691.3,0.454319542536824
P00370,Feminine Care Essential 0370,Feminine Care,64.06,58.46,116,14647.32,135,10303.03,4344.289999999999,0.29659282380667584
P00600,Makeup Essential 0600,Makeup,27.77,17.73,444,14601.07,35,8041.71,6559.36,0.449238309247199
P00705,Makeup Essential 0705,Makeup,41.26,29.22,263,14514.82,59,8081.12,6433.7,0.44325041578193874
P00265,Fashion Accessories Essential 0265,Fashion Accessories,18.12,25.5,701,14482.32,22,7459.76,7022.5599999999995,0.4849057333355429
P00028,Wellness Essential 0028,Wellness,51.22,62.05,265,14419.94,58,8425.67,5994.27,0.4156931304845929
P00160,Fashion Accessories Essential 0160,Fashion Accessories,35.39,55.63,296,14405.27,51,7211.56,7193.71,0.49938043507688507
P00400,Feminine Care Essential 0400,Feminine Care,47.78,50.36,174,14316.82,88,10098.42,4218.4,0.29464643684840625
P00298,Fashion Accessories Essential 0298,Fashion Accessories,40.49,49.55,340,14268.18,45,7258.66,7009.52,0.4912693840419731
P00507,Makeup Essential 0507,Makeup,48.7,29.46,374,14050.31,40,7818.11,6232.2,0.4435631669336833
P00685,Hair Care Essential 0685,Hair Care,27.45,46.63,362,13948.18,41,9203.52,4744.66,0.3401633761537347
P00763,Feminine Care Essential 0763,Feminine Care,39.39,53.36,324,13896.74,46,9799.49,4097.25,0.294835335481559
P00735,Makeup Essential 0735,Makeup,44.06,33.24,182,13894.5,82,7784.76,6109.74,0.43972363165281225
P00415,Skincare Essential 0415,Skincare,44.83,38.17,225,13857.880000000001,66,8504.79,5353.09,0.3862849151529671
P00022,Feminine Care Essential 0022,Feminine Care,48.09,55.29,303,13855.43,49,9877.51,3977.92,0.2871018799127851
P00703,Hair Care Essential 0703,Hair Care,38.12,44.77,379,13769.06,39,9186.04,4583.019999999999,0.3328491560062923
P00730,Makeup Essential 0730,Makeup,43.42,30.73,189,13718.35,77,7539.11,6179.240000000001,0.4504360947198461
P00166,Makeup Essential 0166,Makeup,38.91,23.25,438,13553.880000000001,33,7527.73,6026.1500000000015,0.4446070055216662
P00173,Makeup Essential 0173,Makeup,37.24,25.46,481,13507.64,30,7528.85,5978.789999999999,0.44262284159186943
P00343,Feminine Care Essential 0343,Feminine Care,48.74,57.9,314,13501.65,46,9480.7,4020.949999999999,0.29781174893438944
P00518,Feminine Care Essential 0518,Feminine Care,31.37,47.97,375,13437.15,38,9393.449999999999,4043.7000000000007,0.3009343499179514
P00630,Skincare Essential 0630,Skincare,25.73,8.9,670,13401.869999999999,21,7990.44,5411.429999999999,0.4037817110597252
P00442,Makeup Essential 0442,Makeup,38.48,30.58,252,13381.67,57,7454.24,5927.43,0.44295144029108474
P00524,Wellness Essential 0524,Wellness,21.99,32.52,576,13376.48,25,7951.23,5425.25,0.40558128894896117
P00124,Makeup Essential 0124,Makeup,34.54,25.15,286,13316.66,50,7466.29,5850.37,0.43932712857428213
P00035,Makeup Essential 0035,Makeup,24.18,16.36,471,13285.36,30,7366.99,5918.370000000001,0.445480589159797
P00719,Feminine Care Essential 0719,Feminine Care,45.5,47.4,275,13263.09,51,9222.52,4040.5699999999997,0.3046477102997868
P00269,Makeup Essential 0269,Makeup,17.9,12.55,407,13245.21,35,7449.68,5795.529999999999,0.43755667143065297
P00215,Makeup Essential 0215,Makeup,29.64,27.2,227,13198.11,62,7285.47,5912.64,0.4479914169528819
P00098,Makeup Essential 0098,Makeup,37.22,22.8,352,13175.63,40,7311.65,5863.98,0.44506258903748813
P00474,Hair Care Essential 0474,Hair Care,29.39,41.26,483,13170.69,29,8643.16,4527.530000000001,0.3437579959743947
P00752,Hair Care Essential 0752,Hair Care,47.99,62.71,201,13166.67,70,8756.48,4410.1900000000005,0.33495105444277107
P00327,Feminine Care Essential 0327,Feminine Care,38.68,47.79,248,13120.33,56,9147.18,3973.1499999999996,0.30282393811741015
P00126,Feminine Care Essential 0126,Feminine Care,45.26,51.39,168,13116.81,83,9194.92,3921.8899999999994,0.29899724094501634
P00723,Makeup Essential 0723,Makeup,35.66,26.11,255,13081.43,55,7373.7699999999995,5707.660000000001,0.43631774202055895
P00502,Skincare Essential 0502,Skincare,26.63,21.88,369,13072.52,38,7931.55,5140.97,0.39326541477848187
P00036,Makeup Essential 0036,Makeup,30.99,21.34,624,13066.06,23,7403.5199999999995,5662.54,0.4333777741721682
P00274,Feminine Care Essential 0274,Feminine Care,53.02,50.14,271,12844.99,51,9145.74,3699.25,0.2879916605618222
P00188,Skincare Essential 0188,Skincare,42.41,34.35,261,12702.45,52,7768.03,4934.420000000001,0.3884620683411468
P00606,Feminine Care Essential 0606,Feminine Care,49.67,52.39,185,12689.13,74,9035.26,3653.869999999999,0.28795275956665267
P00528,Feminine Care Essential 0528,Feminine Care,43.93,50.26,259,12660.76,53,9083.3,3577.460000000001,0.2825628161342606
P00599,Makeup Essential 0599,Makeup,55.48,42.83,149,12634.46,90,6953.63,5680.829999999999,0.44962982193144774
P00049,Skincare Essential 0049,Skincare,34.94,33.37,243,12572.57,55,7613.24,4959.33,0.39445634424783477
P00133,Feminine Care Essential 0133,Feminine Care,53.94,52.67,187,12515.5,71,8771.05,3744.4500000000007,0.29918501058687236
P00178,Skincare Essential 0178,Skincare,33.72,23.39,493,12510.119999999999,27,7541.45,4968.669999999999,0.3971720495087177
P00016,Skincare Essential 0016,Skincare,21.76,25.43,276,12397.64,48,7527.73,4869.91,0.39280943792528256
P00244,Skincare Essential 0244,Skincare,30.06,21.89,348,12395.23,38,7513.34,4881.889999999999,0.3938523125428088
P00192,Feminine Care Essential 0192,Feminine Care,44.04,50.96,203,12365.94,65,8779.77,3586.17,0.2900038331093309
P00206,Fashion Accessories Essential 0206,Fashion Accessories,33.13,34.77,517,12268.96,25,6191.34,6077.619999999999,0.4953655403554987
P00377,Feminine Care Essential 0377,Feminine Care,44.11,45.04,209,12234.37,63,8710.5,3523.870000000001,0.28803036037000684
P00591,Hair Care Essential 0591,Hair Care,40.97,51.93,219,12214.17,60,8136.02,4078.1499999999996,0.3338867888689939
P00112,Skincare Essential 0112,Skincare,23.81,18.95,375,12208.21,35,7483.969999999999,4724.24,0.38697237350930236
P00782,Makeup Essential 0782,Makeup,22.66,12.28,486,12125.210000000001,26,6514.11,5611.100000000001,0.462763119154225
P00051,Fashion Accessories Essential 0051,Fashion Accessories,35.78,44.15,460,12110.23,28,6152.4,5957.83,0.49196670913764645
P00520,Makeup Essential 0520,Makeup,44.44,28.17,230,12099.35,56,6661.65,5437.700000000001,0.44942083665651467
P00582,Skincare Essential 0582,Skincare,37.84,28.88,289,12067.28,45,7391.84,4675.4400000000005,0.38744770984016286
P00396,Makeup Essential 0396,Makeup,39.97,28.92,177,12027.57,73,6724.2699999999995,5303.3,0.44092863313204583
P00423,Skincare Essential 0423,Skincare,46.54,38.67,199,11960.23,65,7407.47,4552.759999999999,0.3806582314888593
P00567,Wellness Essential 0567,Wellness,23.85,43.8,446,11867.48,29,7084.95,4782.53,0.4029945700350875
P00682,Makeup Essential 0682,Makeup,28.47,22.66,198,11801.63,63,6498.64,5302.989999999999,0.449343861822477
P00002,Skincare Essential 0002,Skincare,38.07,33.11,294,11712.039999999999,43,7195.95,4516.089999999999,0.38559379920150544
P00374,Feminine Care Essential 0374,Feminine Care,39.97,46.6,254,11504.43,48,7990.28,3514.1500000000005,0.3054605921371159
P00291,Makeup Essential 0291,Makeup,45.52,31.36,171,11491.64,71,6367.69,5123.95,0.44588500858015045
P00335,Fashion Accessories Essential 0335,Fashion Accessories,29.72,41.48,435,11465.02,29,6030.63,5434.39,0.47399742870051687
P00458,Feminine Care Essential 0458,Feminine Care,45.64,47.17,213,11442.92,57,8032.18,3410.74,0.29806552872868114
P00699,Skincare Essential 0699,Skincare,21.2,17.74,347,11410.15,35,6941.99,4468.16,0.3915952025170572
P00309,Feminine Care Essential 0309,Feminine Care,46.82,44.24,289,11402.55,42,8001.83,3400.7199999999993,0.29824205989011227
P00579,Skincare Essential 0579,Skincare,43.81,30.41,367,11386.56,33,6900.87,4485.69,0.39394602057162126
P00503,Makeup Essential 0503,Makeup,46.7,34.71,170,11334.52,71,6317.93,5016.59,0.44259395192738643
P00167,Skincare Essential 0167,Skincare,38.99,22.81,316,11302.69,38,6860.3,4442.39,0.39303829442371685
P00687,Makeup Essential 0687,Makeup,22.63,16.84,414,11202.51,29,6235.2,4967.31,0.44341044997951357
P00219,Feminine Care Essential 0219,Feminine Care,33.05,36.59,285,11185.34,42,7818.4400000000005,3366.8999999999996,0.3010100721122469
P00029,Feminine Care Essential 0029,Feminine Care,56.93,54.36,163,11124.49,73,7825.37,3299.12,0.29656370763963114
P00078,Hair Care Essential 0078,Hair Care,29.62,44.13,455,11054.73,26,7333.12,3721.6099999999997,0.3366531792273533
P00441,Feminine Care Essential 0441,Feminine Care,42.98,45.48,192,10965.5,61,7789.22,3176.2799999999997,0.28966121015913543
P00461,Makeup Essential 0461,Makeup,25.27,13.14,313,10805.74,37,6012.25,4793.49,0.44360589834661945
P00063,Feminine Care Essential 0063,Feminine Care,37.75,45.97,281,10680.55,41,7598.5,3082.0499999999993,0.28856660003464235
P00163,Skincare Essential 0163,Skincare,30.04,26.31,237,10416.56,46,6200.11,4216.45,0.40478334498145263
P00492,Makeup Essential 0492,Makeup,24.9,18.24,347,10357.09,32,5788.15,4568.9400000000005,0.4411412858244932
P00522,Fashion Accessories Essential 0522,Fashion Accessories,29.12,40.7,454,10270.64,24,5238.74,5031.9,0.4899305203960026
P00544,Makeup Essential 0544,Makeup,27.51,23.8,252,10234.539999999999,44,5831.02,4403.519999999999,0.4302606663318526
P00194,Feminine Care Essential 0194,Feminine Care,50.69,55.98,141,10203.15,77,7210.23,2992.92,0.2933329412975405
P00150,Makeup Essential 0150,Makeup,52.92,39.18,149,10192.47,73,5638.79,4553.679999999999,0.4467690363572323
P00120,Makeup Essential 0120,Makeup,37.25,26.35,249,10149.3,44,5733.15,4416.15,0.4351186781354379
P00454,Feminine Care Essential 0454,Feminine Care,49.62,51.38,121,10108.6,89,7116.49,2992.1100000000006,0.2959964782462458
P00578,Feminine Care Essential 0578,Feminine Care,31.59,47.33,426,10089.48,26,7310.29,2779.1899999999996,0.27545423550073933
P00037,Makeup Essential 0037,Makeup,23.69,15.52,355,10058.06,30,5517.64,4540.419999999999,0.4514210493872575
P00770,Makeup Essential 0770,Makeup,31.53,20.29,292,10000.57,36,5481.57,4519.0,0.45187424316813946
P00354,Hair Care Essential 0354,Hair Care,34.19,46.42,309,9890.15,35,6733.11,3157.04,0.31921052764619345
P00622,Feminine Care Essential 0622,Feminine Care,42.47,46.98,184,9781.32,57,6919.7699999999995,2861.55,0.29255253892112726
P00340,Feminine Care Essential 0340,Feminine Care,27.2,37.62,240,9572.62,43,6796.54,2776.080000000001,0.2900021101850905
P00270,Makeup Essential 0270,Makeup,52.3,36.39,129,9532.18,79,5314.68,4217.5,0.44244863189742534
P00333,Makeup Essential 0333,Makeup,52.83,35.59,148,9530.76,69,5339.8,4190.96,0.43972988512983224
P00790,Makeup Essential 0790,Makeup,35.78,20.48,357,9410.24,28,5211.87,4198.37,0.4461490886523617
P00472,Makeup Essential 0472,Makeup,26.83,21.86,250,9361.73,40,5238.77,4122.959999999999,0.440405779700974
P00485,Feminine Care Essential 0485,Feminine Care,35.22,41.19,242,9287.01,41,6503.71,2783.3,0.2996981805769564
P00713,Makeup Essential 0713,Makeup,47.49,30.23,215,9216.47,46,5107.73,4108.74,0.4458040876821603
P00346,Makeup Essential 0346,Makeup,5.08,10.24,701,9031.32,14,5096.73,3934.59,0.4356605678904081
P00286,Feminine Care Essential 0286,Feminine Care,22.62,39.45,459,8956.9,21,6357.15,2599.75,0.2902510913374047
P00513,Skincare Essential 0513,Skincare,25.19,7.2,634,8948.8,15,5378.99,3569.8099999999995,0.3989149383157518
P00390,Skincare Essential 0390,Skincare,34.36,14.38,523,8875.28,18,5340.21,3535.0700000000006,0.3983051802309336
P00256,Makeup Essential 0256,Makeup,37.75,27.88,274,8580.39,33,4728.99,3851.3999999999996,0.4488607161212952
P00602,Skincare Essential 0602,Skincare,27.63,13.44,479,8528.34,19,5228.71,3299.63,0.38690178862474994
P00104,Feminine Care Essential 0104,Feminine Care,31.52,37.37,294,8436.03,31,6002.7300000000005,2433.3,0.28844136400652914
P00283,Hair Care Essential 0283,Hair Care,28.44,50.95,273,8394.92,33,5592.93,2801.99,0.3337720907405907
P00464,Fashion Accessories Essential 0464,Fashion Accessories,34.75,52.73,197,8388.85,46,4373.05,4015.8,0.4787068549324401
P00406,Feminine Care Essential 0406,Feminine Care,49.59,56.68,105,8337.66,84,5798.9,2538.76,0.30449310717875283
P00417,Makeup Essential 0417,Makeup,30.11,25.06,228,8222.71,39,4606.68,3616.029999999999,0.4397613438878422
P00109,Makeup Essential 0109,Makeup,31.49,23.0,288,8104.96,30,4543.32,3561.6400000000003,0.43943955306380295
P00056,Feminine Care Essential 0056,Feminine Care,37.2,40.92,195,8080.45,44,5676.44,2404.01,0.29750942088621307
P00143,Makeup Essential 0143,Makeup,27.6,17.73,495,7956.29,17,4432.099999999999,3524.1900000000005,0.44294388464975515
P00618,Hair Care Essential 0618,Hair Care,36.76,54.08,166,7735.08,50,5117.11,2617.9700000000003,0.33845415949156316
P00527,Fashion Accessories Essential 0527,Fashion Accessories,13.51,26.31,601,7674.6900000000005,14,3963.68,3711.0100000000007,0.4835387487963684
P00224,Feminine Care Essential 0224,Feminine Care,37.51,41.32,182,7616.19,45,5420.68,2195.5099999999993,0.28826880631917
P00321,Makeup Essential 0321,Makeup,16.9,16.95,545,7424.82,15,4241.99,3182.83,0.42867436516979535
P00241,Skincare Essential 0241,Skincare,36.62,25.64,181,7408.3,44,4552.73,2855.5700000000006,0.38545550261193534
P00560,Feminine Care Essential 0560,Feminine Care,44.64,45.91,127,7216.33,61,5098.43,2117.8999999999996,0.29348713265607307
P00087,Skincare Essential 0087,Skincare,34.38,25.43,256,7192.22,30,4399.48,2792.7400000000007,0.3883001354241111
P00151,Hair Care Essential 0151,Hair Care,19.96,36.09,328,7112.37,23,4664.05,2448.3199999999997,0.3442340598140985
P00772,Feminine Care Essential 0772,Feminine Care,44.99,47.17,135,7081.07,56,4948.68,2132.3899999999994,0.3011395170503892
P00774,Feminine Care Essential 0774,Feminine Care,18.86,39.42,322,6937.35,23,4836.7699999999995,2100.580000000001,0.30279285317880755
P00515,Makeup Essential 0515,Makeup,50.94,32.84,164,6758.07,44,3748.54,3009.5299999999997,0.4453238868493519
P00624,Feminine Care Essential 0624,Feminine Care,35.16,36.7,248,6744.93,29,4746.59,1998.3400000000001,0.2962729042406667
P00645,Hair Care Essential 0645,Hair Care,27.17,46.54,274,6733.69,26,4427.56,2306.129999999999,0.34247641337810314
P00712,Hair Care Essential 0712,Hair Care,22.71,32.14,441,6568.01,16,4356.04,2211.9700000000003,0.33677932889870754
P00798,Hair Care Essential 0798,Hair Care,17.72,33.32,342,6392.27,20,4238.07,2154.2000000000007,0.33700078375913417
P00155,Makeup Essential 0155,Makeup,24.88,17.3,292,6226.7300000000005,23,3506.01,2720.7200000000003,0.43694202253831466
P00079,Feminine Care Essential 0079,Feminine Care,28.82,38.55,193,6125.54,34,4334.98,1790.5600000000004,0.29231055547755797
P00011,Makeup Essential 0011,Makeup,33.22,20.17,186,6069.98,35,3382.66,2687.3199999999997,0.4427230402736088
P00756,Makeup Essential 0756,Makeup,16.19,5.15,309,6041.91,21,3407.6,2634.31,0.4360061636138241
P00460,Skincare Essential 0460,Skincare,21.37,12.03,457,6038.91,14,3614.23,2424.68,0.40150954394087673
P00184,Skincare Essential 0184,Skincare,16.41,11.89,480,6006.29,13,3613.96,2392.33,0.39830411119010234
P00547,Skincare Essential 0547,Skincare,30.57,15.92,318,5947.77,20,3662.02,2285.7500000000005,0.3843036970158564
P00316,Makeup Essential 0316,Makeup,9.36,10.05,305,5789.49,20,3203.35,2586.14,0.4466956502213494
P00475,Makeup Essential 0475,Makeup,40.62,28.81,154,5724.39,40,3214.07,2510.32,0.43853056832256365
P00484,Hair Care Essential 0484,Hair Care,23.41,46.1,197,5668.21,31,3808.03,1860.1799999999998,0.3281776786675158
P00751,Feminine Care Essential 0751,Feminine Care,48.73,49.38,101,5596.11,59,3943.64,1652.4699999999998,0.295289049000109
P00510,Feminine Care Essential 0510,Feminine Care,43.11,41.02,199,5023.58,27,3544.49,1479.0900000000001,0.29442947061657226
P00737,Feminine Care Essential 0737,Feminine Care,16.64,33.66,246,4610.94,20,3258.12,1352.8199999999997,0.2933935379770719
P00778,Makeup Essential 0778,Makeup,31.94,23.01,134,4349.01,34,2358.69,1990.3200000000002,0.45764898218215183
P00669,Hair Care Essential 0669,Hair Care,23.54,45.67,287,4302.03,16,2828.68,1473.35,0.3424778534784741
P00076,Feminine Care Essential 0076,Feminine Care,34.16,37.11,218,4113.7,20,2884.4900000000002,1229.2099999999996,0.29880885820550834
P00672,Makeup Essential 0672,Makeup,21.76,12.81,313,4099.98,14,2285.38,1814.5999999999995,0.44258752481719416
P00412,Makeup Essential 0412,Makeup,30.11,19.9,152,3869.7,27,2141.33,1728.37,0.44664185854200583
P00427,Makeup Essential 0427,Makeup,20.98,13.45,239,3775.06,17,2094.12,1680.94,0.44527504198608764
P00750,Wellness Essential 0750,Wellness,19.07,36.18,326,3728.71,12,2158.17,1570.54,0.4212019706547304
P00715,Makeup Essential 0715,Makeup,19.86,13.71,157,3503.11,24,1928.1100000000001,1575.0,0.4496004978433449
P00563,Hair Care Essential 0563,Hair Care,21.33,38.56,132,3322.38,27,2184.18,1138.2000000000003,0.3425857367308978
P00180,Wellness Essential 0180,Wellness,9.95,32.17,332,2744.43,9,1640.3,1104.1299999999999,0.40231669235506096
P00617,Feminine Care Essential 0617,Feminine Care,25.23,31.77,143,1747.74,13,1218.53,529.21,0.30279675466602585
